Position,Proportion,Unique Amino Acids
1,1.0,1
2,1.0,1
3,1.0,1
4,1.0,1
5,1.0,1
6,1.0,1
7,1.0,1
8,1.0,1
9,1.0,1
10,1.0,1
11,1.0,1
12,1.0,1
13,1.0,1
14,1.0,1
15,1.0,1
16,1.0,1
17,1.0,1
18,1.0,1
19,1.0,1
20,0.8571428571428571,2
21,0.5714285714285714,2
22,1.0,1
23,0.5714285714285714,4
24,0.8571428571428571,2
25,0.8571428571428571,2
26,0.8571428571428571,2
27,0.7142857142857143,2
28,0.8571428571428571,2
29,0.5714285714285714,4
30,0.7142857142857143,3
31,0.7142857142857143,3
32,0.8571428571428571,2
33,0.8571428571428571,2
34,0.7142857142857143,3
35,0.42857142857142855,4
36,0.8571428571428571,2
37,0.8571428571428571,2
38,0.5714285714285714,3
39,0.5714285714285714,3
40,0.7142857142857143,3
41,0.7142857142857143,3
42,0.5714285714285714,4
43,0.5714285714285714,4
44,0.5714285714285714,4
45,1.0,1
46,0.8571428571428571,2
47,1.0,1
48,0.5714285714285714,4
49,0.5714285714285714,3
50,1.0,1
51,0.5714285714285714,4
52,0.8571428571428571,2
53,0.7142857142857143,3
54,1.0,1
55,1.0,1
56,0.8571428571428571,2
57,0.8571428571428571,2
58,1.0,1
59,0.7142857142857143,3
60,0.7142857142857143,3
61,0.8571428571428571,2
62,0.8571428571428571,2
63,0.8571428571428571,2
64,1.0,1
65,0.8571428571428571,2
66,0.42857142857142855,4
67,0.8571428571428571,2
68,1.0,1
69,0.7142857142857143,2
70,0.7142857142857143,3
71,1.0,1
72,1.0,1
73,0.8571428571428571,2
74,0.7142857142857143,2
75,0.42857142857142855,3
76,0.5714285714285714,3
77,0.7142857142857143,3
78,0.5714285714285714,3
79,0.8571428571428571,2
80,0.7142857142857143,3
81,0.5714285714285714,3
82,0.42857142857142855,4
83,0.7142857142857143,2
84,1.0,1
85,0.8571428571428571,2
86,0.42857142857142855,3
87,1.0,1
88,0.7142857142857143,2
89,0.8571428571428571,2
90,0.8571428571428571,2
91,0.8571428571428571,2
92,0.8571428571428571,2
93,1.0,1
94,0.7142857142857143,3
95,0.8571428571428571,2
96,0.7142857142857143,2
97,0.7142857142857143,2
98,0.8571428571428571,2
99,1.0,1
100,0.8571428571428571,2
101,0.8571428571428571,2
102,0.7142857142857143,3
103,0.42857142857142855,4
104,0.42857142857142855,4
105,0.8571428571428571,2
106,0.42857142857142855,4
107,0.7142857142857143,2
108,1.0,1
109,1.0,1
110,0.8571428571428571,2
111,1.0,1
112,0.8571428571428571,2
113,0.8571428571428571,2
114,0.8571428571428571,2
115,1.0,1
116,0.8571428571428571,2
117,0.8571428571428571,2
118,1.0,1
119,0.7142857142857143,3
120,1.0,1
121,1.0,1
122,1.0,1
123,1.0,1
124,0.8571428571428571,2
125,0.5714285714285714,3
126,0.7142857142857143,3
127,1.0,1
128,0.7142857142857143,3
129,0.5714285714285714,3
130,0.5714285714285714,3
131,1.0,1
132,0.8571428571428571,2
133,0.7142857142857143,3
134,0.8571428571428571,2
135,1.0,1
136,0.42857142857142855,5
137,0.8571428571428571,2
138,0.5714285714285714,4
139,0.7142857142857143,3
140,0.8571428571428571,2
141,0.7142857142857143,3
142,0.7142857142857143,3
143,0.8571428571428571,2
144,0.8571428571428571,2
145,0.7142857142857143,3
146,1.0,1
147,0.7142857142857143,3
148,0.7142857142857143,3
149,0.7142857142857143,2
150,0.5714285714285714,3
151,0.5714285714285714,2
152,0.8571428571428571,2
153,0.42857142857142855,4
154,0.8571428571428571,2
155,0.8571428571428571,2
156,0.8571428571428571,2
157,0.8571428571428571,2
158,1.0,1
159,0.8571428571428571,2
160,0.8571428571428571,2
161,1.0,1
162,1.0,1
163,0.8571428571428571,2
164,0.8571428571428571,2
165,0.7142857142857143,3
166,1.0,1
167,1.0,1
168,0.8571428571428571,2
169,0.5714285714285714,2
170,0.5714285714285714,3
171,0.5714285714285714,4
172,0.8571428571428571,2
173,0.8571428571428571,2
174,0.8571428571428571,2
175,0.8571428571428571,2
176,0.7142857142857143,3
177,0.8571428571428571,2
178,0.8571428571428571,2
179,1.0,1
180,1.0,1
181,0.8571428571428571,2
182,1.0,1
183,0.8571428571428571,2
184,0.8571428571428571,2
185,0.8571428571428571,2
186,1.0,1
187,0.7142857142857143,3
188,0.7142857142857143,3
189,0.8571428571428571,2
190,0.8571428571428571,2
191,0.5714285714285714,4
192,1.0,1
193,0.8571428571428571,2
194,0.42857142857142855,4
195,0.8571428571428571,2
196,0.8571428571428571,2
197,0.7142857142857143,3
198,1.0,1
199,0.8571428571428571,2
200,0.8571428571428571,2
201,1.0,1
202,0.8571428571428571,2
203,0.8571428571428571,2
204,0.5714285714285714,3
205,1.0,1
206,1.0,1
207,0.2857142857142857,4
208,0.7142857142857143,3
209,1.0,1
210,0.42857142857142855,3
211,0.5714285714285714,4
212,0.42857142857142855,4
213,0.8571428571428571,2
214,1.0,1
215,0.5714285714285714,3
216,0.5714285714285714,4
217,0.42857142857142855,4
218,0.8571428571428571,2
219,0.7142857142857143,3
220,1.0,1
221,0.7142857142857143,3
222,0.7142857142857143,3
223,0.42857142857142855,4
224,0.8571428571428571,2
225,0.8571428571428571,2
226,0.8571428571428571,2
227,0.8571428571428571,2
228,1.0,1
229,0.42857142857142855,4
230,0.42857142857142855,4
231,0.5714285714285714,4
232,0.8571428571428571,2
233,0.5714285714285714,4
234,0.8571428571428571,2
235,1.0,1
236,0.8571428571428571,2
237,0.8571428571428571,2
238,0.8571428571428571,2
239,0.5714285714285714,4
240,0.8571428571428571,2
241,0.5714285714285714,3
242,0.7142857142857143,3
243,0.8571428571428571,2
244,0.7142857142857143,3
245,0.8571428571428571,2
246,0.5714285714285714,4
247,1.0,1
248,0.7142857142857143,3
249,0.7142857142857143,3
250,1.0,1
251,1.0,1
252,0.8571428571428571,2
253,0.8571428571428571,2
254,1.0,1
255,1.0,1
256,1.0,1
257,0.7142857142857143,3
258,0.7142857142857143,3
259,1.0,1
260,0.8571428571428571,2
261,0.5714285714285714,3
262,0.5714285714285714,4
263,1.0,1
264,0.8571428571428571,2
265,0.7142857142857143,3
266,0.8571428571428571,2
267,0.5714285714285714,3
268,0.7142857142857143,2
269,0.8571428571428571,2
270,0.8571428571428571,2
271,1.0,1
272,0.8571428571428571,2
273,1.0,1
274,0.8571428571428571,2
275,0.7142857142857143,3
276,0.8571428571428571,2
277,1.0,1
278,1.0,1
279,0.42857142857142855,4
280,0.8571428571428571,2
281,0.7142857142857143,3
282,0.5714285714285714,4
283,1.0,1
284,1.0,1
285,0.5714285714285714,3
286,0.7142857142857143,3
287,0.8571428571428571,2
288,0.8571428571428571,2
289,0.5714285714285714,3
290,0.5714285714285714,3
291,0.5714285714285714,3
292,0.5714285714285714,3
293,0.42857142857142855,5
294,0.42857142857142855,3
295,0.42857142857142855,5
296,0.8571428571428571,2
297,0.8571428571428571,2
298,0.5714285714285714,3
299,0.7142857142857143,2
300,0.8571428571428571,2
301,0.42857142857142855,4
302,0.5714285714285714,4
303,0.42857142857142855,5
304,0.7142857142857143,3
305,0.5714285714285714,4
306,0.42857142857142855,4
307,0.2857142857142857,5
308,1.0,1
309,0.8571428571428571,2
310,0.42857142857142855,4
311,0.42857142857142855,5
312,0.42857142857142855,4
313,0.5714285714285714,4
314,0.5714285714285714,4
315,0.5714285714285714,3
316,0.7142857142857143,3
317,0.5714285714285714,3
318,1.0,1
319,1.0,1
320,0.8571428571428571,2
321,0.42857142857142855,4
322,0.5714285714285714,4
323,0.8571428571428571,2
324,0.7142857142857143,3
325,0.8571428571428571,2
326,0.8571428571428571,2
327,0.8571428571428571,2
328,0.2857142857142857,4
329,0.2857142857142857,5
330,0.5714285714285714,3
331,0.8571428571428571,2
332,0.2857142857142857,5
333,0.5714285714285714,4
334,1.0,1
335,0.8571428571428571,2
336,0.42857142857142855,5
337,0.5714285714285714,3
338,1.0,1
339,1.0,1
340,0.8571428571428571,2
341,0.8571428571428571,2
342,1.0,1
343,0.42857142857142855,4
344,0.8571428571428571,2
345,0.2857142857142857,6
346,0.8571428571428571,2
347,0.5714285714285714,4
348,0.5714285714285714,4
349,0.8571428571428571,2
350,0.5714285714285714,4
351,0.7142857142857143,2
352,0.7142857142857143,3
353,0.42857142857142855,5
354,0.7142857142857143,3
355,0.8571428571428571,2
356,0.8571428571428571,2
357,0.7142857142857143,3
358,0.7142857142857143,3
359,0.8571428571428571,2
360,0.7142857142857143,3
361,0.7142857142857143,3
362,0.5714285714285714,3
363,0.8571428571428571,2
364,1.0,1
365,0.5714285714285714,3
366,1.0,1
367,0.8571428571428571,2
368,1.0,1
369,0.42857142857142855,4
370,1.0,1
371,1.0,1
372,0.8571428571428571,2
373,0.2857142857142857,5
374,0.8571428571428571,2
375,0.5714285714285714,3
376,1.0,1
377,0.42857142857142855,4
378,1.0,1
379,0.8571428571428571,2
380,0.7142857142857143,3
381,0.42857142857142855,4
382,0.5714285714285714,2
383,0.7142857142857143,2
384,0.8571428571428571,2
385,0.42857142857142855,5
386,1.0,1
387,0.8571428571428571,2
388,1.0,1
389,1.0,1
390,1.0,1
391,0.8571428571428571,2
392,0.8571428571428571,2
393,1.0,1
394,0.8571428571428571,2
395,1.0,1
396,1.0,1
397,0.42857142857142855,4
398,0.8571428571428571,2
399,1.0,1
400,0.5714285714285714,4
401,0.7142857142857143,3
402,0.42857142857142855,5
403,0.5714285714285714,4
404,0.7142857142857143,2
405,0.42857142857142855,3
406,0.8571428571428571,2
407,0.8571428571428571,2
408,0.8571428571428571,2
409,0.7142857142857143,3
410,0.8571428571428571,2
411,0.8571428571428571,2
412,1.0,1
413,0.8571428571428571,2
414,0.8571428571428571,2
415,0.8571428571428571,2
416,0.8571428571428571,2
417,0.8571428571428571,2
418,0.8571428571428571,2
419,0.7142857142857143,3
420,0.7142857142857143,3
421,0.8571428571428571,2
422,0.5714285714285714,3
423,0.42857142857142855,4
424,0.8571428571428571,2
425,0.5714285714285714,3
426,0.8571428571428571,2
427,0.8571428571428571,2
428,0.8571428571428571,2
429,0.5714285714285714,3
430,0.7142857142857143,3
431,0.7142857142857143,2
432,0.8571428571428571,2
433,0.8571428571428571,2
434,1.0,1
435,0.8571428571428571,2
436,0.7142857142857143,3
437,0.5714285714285714,4
438,0.8571428571428571,2
439,0.7142857142857143,3
440,0.8571428571428571,2
441,1.0,1
442,1.0,1
443,0.7142857142857143,3
444,0.8571428571428571,2
445,0.7142857142857143,3
446,1.0,1
447,0.5714285714285714,3
448,0.2857142857142857,5
449,0.8571428571428571,2
450,0.8571428571428571,2
451,0.8571428571428571,2
452,0.7142857142857143,2
453,1.0,1
454,0.5714285714285714,2
455,1.0,1
456,0.8571428571428571,2
457,0.7142857142857143,3
458,0.8571428571428571,2
459,1.0,1
460,0.7142857142857143,3
461,0.8571428571428571,2
462,1.0,1
463,0.7142857142857143,3
464,0.5714285714285714,4
465,1.0,1
466,0.42857142857142855,3
467,1.0,1
468,0.8571428571428571,2
469,0.7142857142857143,3
470,1.0,1
471,0.5714285714285714,4
472,0.8571428571428571,2
473,0.8571428571428571,2
474,0.7142857142857143,3
475,1.0,1
476,0.5714285714285714,3
477,0.5714285714285714,4
478,0.8571428571428571,2
479,0.8571428571428571,2
480,0.7142857142857143,3
481,0.42857142857142855,3
482,0.5714285714285714,3
483,0.42857142857142855,4
484,0.8571428571428571,2
485,1.0,1
486,0.7142857142857143,3
487,1.0,1
488,0.8571428571428571,2
489,0.8571428571428571,2
490,0.7142857142857143,3
491,0.42857142857142855,4
492,0.5714285714285714,3
493,1.0,1
494,0.5714285714285714,4
495,0.2857142857142857,5
496,0.7142857142857143,3
497,0.42857142857142855,3
498,1.0,1
499,0.8571428571428571,2
500,0.5714285714285714,4
501,0.7142857142857143,3
502,0.5714285714285714,4
503,0.8571428571428571,2
504,1.0,1
505,0.8571428571428571,2
506,0.8571428571428571,2
507,1.0,1
508,0.8571428571428571,2
509,0.8571428571428571,2
510,0.5714285714285714,2
511,0.5714285714285714,2
512,1.0,1
513,0.8571428571428571,2
514,0.7142857142857143,3
515,0.7142857142857143,3
516,0.8571428571428571,2
517,0.42857142857142855,5
518,0.8571428571428571,2
519,0.5714285714285714,4
520,1.0,1
521,0.5714285714285714,4
522,0.8571428571428571,2
523,0.7142857142857143,3
524,0.7142857142857143,3
525,0.7142857142857143,3
526,0.7142857142857143,3
527,0.8571428571428571,2
528,0.5714285714285714,4
529,0.7142857142857143,2
530,0.42857142857142855,5
531,0.7142857142857143,3
532,1.0,1
533,1.0,1
534,0.42857142857142855,4
535,0.42857142857142855,5
536,0.5714285714285714,4
537,0.7142857142857143,3
538,0.7142857142857143,3
539,0.8571428571428571,2
540,0.7142857142857143,2
541,1.0,1
542,0.42857142857142855,5
543,0.5714285714285714,4
544,0.8571428571428571,2
545,0.7142857142857143,3
546,0.7142857142857143,3
547,0.5714285714285714,4
548,0.8571428571428571,2
549,0.2857142857142857,5
550,0.42857142857142855,5
551,0.7142857142857143,3
552,0.8571428571428571,2
553,0.7142857142857143,3
554,1.0,1
555,0.5714285714285714,3
556,1.0,1
557,0.8571428571428571,2
558,0.2857142857142857,5
559,0.5714285714285714,4
560,0.5714285714285714,4
561,0.7142857142857143,3
562,0.7142857142857143,3
563,0.5714285714285714,4
564,0.8571428571428571,2
565,0.7142857142857143,3
566,0.42857142857142855,3
567,0.42857142857142855,5
568,0.7142857142857143,3
569,0.8571428571428571,2
570,0.7142857142857143,3
571,0.7142857142857143,3
572,0.8571428571428571,2
573,0.5714285714285714,4
574,0.5714285714285714,4
575,0.42857142857142855,4
576,0.7142857142857143,3
577,0.42857142857142855,5
578,0.2857142857142857,6
579,0.2857142857142857,6
580,0.8571428571428571,2
581,0.8571428571428571,2
582,0.8571428571428571,2
583,0.8571428571428571,2
584,0.8571428571428571,2
585,0.7142857142857143,2
586,0.2857142857142857,5
587,0.2857142857142857,6
588,0.42857142857142855,4
589,0.42857142857142855,3
590,0.2857142857142857,5
591,0.5714285714285714,4
592,0.42857142857142855,5
593,0.8571428571428571,2
594,0.8571428571428571,2
595,0.8571428571428571,2
596,0.8571428571428571,2
597,0.42857142857142855,4
598,0.2857142857142857,5
599,0.5714285714285714,4
600,0.5714285714285714,2
601,1.0,1
602,0.8571428571428571,2
603,0.42857142857142855,4
604,0.42857142857142855,4
605,0.2857142857142857,4
606,0.2857142857142857,6
607,0.7142857142857143,3
608,1.0,1
609,0.42857142857142855,4
610,0.7142857142857143,3
611,0.8571428571428571,2
612,0.5714285714285714,3
613,0.7142857142857143,2
614,0.5714285714285714,2
615,0.8571428571428571,2
616,0.8571428571428571,2
617,0.7142857142857143,2
618,1.0,1
619,1.0,1
620,1.0,1
621,0.42857142857142855,4
622,1.0,1
623,0.2857142857142857,5
624,0.42857142857142855,4
625,0.2857142857142857,6
626,0.42857142857142855,5
627,0.7142857142857143,3
628,0.5714285714285714,4
629,0.5714285714285714,4
630,1.0,1
631,0.7142857142857143,3
632,1.0,1
633,0.42857142857142855,3
634,1.0,1
635,0.8571428571428571,2
636,1.0,1
637,0.8571428571428571,2
638,0.8571428571428571,2
639,0.42857142857142855,3
640,0.7142857142857143,2
641,0.8571428571428571,2
642,0.8571428571428571,2
643,0.5714285714285714,3
644,0.7142857142857143,3
645,0.42857142857142855,4
646,0.7142857142857143,2
647,0.5714285714285714,4
648,0.14285714285714285,7
649,0.2857142857142857,5
650,0.8571428571428571,2
651,0.42857142857142855,4
652,0.7142857142857143,3
653,0.5714285714285714,3
654,0.42857142857142855,4
655,0.2857142857142857,4
656,0.42857142857142855,5
657,0.5714285714285714,4
658,0.2857142857142857,6
659,0.7142857142857143,3
660,0.7142857142857143,3
661,0.5714285714285714,3
662,0.5714285714285714,2
663,0.7142857142857143,3
664,0.8571428571428571,2
665,0.42857142857142855,4
666,0.7142857142857143,3
667,0.7142857142857143,3
668,1.0,1
669,1.0,1
670,0.5714285714285714,3
671,0.5714285714285714,3
672,1.0,1
673,0.5714285714285714,4
674,0.8571428571428571,2
675,0.5714285714285714,4
676,0.8571428571428571,2
677,0.5714285714285714,4
678,1.0,1
679,0.8571428571428571,2
680,0.8571428571428571,2
681,0.8571428571428571,2
682,0.8571428571428571,2
683,0.8571428571428571,2
684,0.42857142857142855,4
685,1.0,1
686,1.0,1
687,1.0,1
688,0.7142857142857143,2
689,0.8571428571428571,2
690,0.8571428571428571,2
691,0.8571428571428571,2
692,0.7142857142857143,3
693,1.0,1
694,1.0,1
695,0.7142857142857143,2
696,0.5714285714285714,4
697,0.7142857142857143,2
698,0.7142857142857143,3
699,1.0,1
700,1.0,1
701,1.0,1
702,0.42857142857142855,4
703,0.8571428571428571,2
704,1.0,1
705,0.5714285714285714,3
706,0.7142857142857143,2
707,1.0,1
708,1.0,1
709,1.0,1
710,0.8571428571428571,2
711,0.7142857142857143,2
712,0.8571428571428571,2
713,0.5714285714285714,3
714,0.42857142857142855,4
715,0.2857142857142857,6
716,1.0,1
717,1.0,1
718,1.0,1
719,1.0,1
720,1.0,1
721,1.0,1
722,0.8571428571428571,2
723,0.7142857142857143,2
724,0.5714285714285714,3
725,0.5714285714285714,4
726,0.2857142857142857,5
727,0.2857142857142857,6
728,0.14285714285714285,7
729,0.2857142857142857,5
730,0.2857142857142857,5
731,0.5714285714285714,4
732,0.8571428571428571,2
733,0.8571428571428571,2
734,1.0,1
735,1.0,1
736,1.0,1
737,0.8571428571428571,2
738,0.8571428571428571,2
739,0.8571428571428571,2
740,0.42857142857142855,5
741,0.42857142857142855,4
742,0.8571428571428571,2
743,0.8571428571428571,2
744,0.7142857142857143,3
745,0.7142857142857143,2
746,0.7142857142857143,3
747,0.8571428571428571,2
748,1.0,1
749,1.0,1
750,1.0,1
751,1.0,1
752,1.0,1
753,1.0,1
754,1.0,1
755,1.0,1
756,1.0,1
757,1.0,1
758,1.0,1
759,1.0,1
760,1.0,1
761,1.0,1
762,0.2857142857142857,4
763,0.2857142857142857,6
764,0.5714285714285714,4
765,0.2857142857142857,5
766,0.8571428571428571,2
767,0.7142857142857143,3
768,0.8571428571428571,2
769,1.0,1
770,1.0,1
771,1.0,1
772,0.8571428571428571,2
773,0.5714285714285714,3
774,0.7142857142857143,3
775,0.5714285714285714,3
776,0.8571428571428571,2
777,0.8571428571428571,2
778,0.2857142857142857,5
779,1.0,1
780,1.0,1
781,1.0,1
782,0.5714285714285714,4
783,1.0,1
784,0.8571428571428571,2
785,0.8571428571428571,2
786,0.8571428571428571,2
787,0.5714285714285714,4
788,0.5714285714285714,4
789,0.5714285714285714,4
790,0.7142857142857143,3
791,0.8571428571428571,2
792,0.2857142857142857,5
793,0.7142857142857143,3
794,0.7142857142857143,3
795,0.42857142857142855,4
796,1.0,1
797,0.8571428571428571,2
798,1.0,1
799,0.5714285714285714,3
800,1.0,1
801,0.42857142857142855,4
802,1.0,1
803,0.42857142857142855,5
804,0.8571428571428571,2
805,0.8571428571428571,2
806,0.7142857142857143,3
807,1.0,1
808,0.8571428571428571,2
809,1.0,1
810,0.42857142857142855,5
811,0.7142857142857143,3
812,0.2857142857142857,4
813,0.7142857142857143,3
814,1.0,1
815,0.8571428571428571,2
816,0.7142857142857143,3
817,0.7142857142857143,3
818,0.7142857142857143,3
819,0.2857142857142857,5
820,0.42857142857142855,4
821,0.2857142857142857,6
822,0.42857142857142855,5
823,0.2857142857142857,6
824,0.2857142857142857,6
825,0.42857142857142855,5
826,0.5714285714285714,3
827,0.5714285714285714,3
828,0.7142857142857143,3
829,1.0,1
830,1.0,1
831,1.0,1
832,1.0,1
833,1.0,1
834,1.0,1
835,1.0,1
836,1.0,1
837,0.8571428571428571,2
838,1.0,1
839,0.7142857142857143,3
840,0.42857142857142855,3
841,0.5714285714285714,4
842,0.42857142857142855,4
843,0.8571428571428571,2
844,0.8571428571428571,2
845,1.0,1
846,0.2857142857142857,4
847,1.0,1
848,0.42857142857142855,4
849,1.0,1
850,0.42857142857142855,3
851,0.8571428571428571,2
852,1.0,1
853,0.8571428571428571,2
854,1.0,1
855,0.7142857142857143,3
856,1.0,1
857,1.0,1
858,0.7142857142857143,3
859,1.0,1
860,1.0,1
861,0.8571428571428571,2
862,0.7142857142857143,2
863,0.8571428571428571,2
864,1.0,1
865,0.8571428571428571,2
866,1.0,1
867,0.42857142857142855,3
868,0.8571428571428571,2
869,0.5714285714285714,3
870,0.8571428571428571,2
871,0.7142857142857143,2
872,0.5714285714285714,3
873,0.5714285714285714,4
874,0.7142857142857143,3
875,1.0,1
876,0.5714285714285714,4
877,0.7142857142857143,3
878,1.0,1
879,0.7142857142857143,3
880,0.8571428571428571,2
881,0.8571428571428571,2
882,1.0,1
883,0.8571428571428571,2
884,1.0,1
885,1.0,1
886,1.0,1
887,0.7142857142857143,3
888,0.7142857142857143,3
889,0.8571428571428571,2
