"Codon","Partition","alpha","beta","LRT","Selection","p_value"
15,1,1.811,0.005,4.427,"Neg",0.0354
18,1,0.369,0.047,2.971,"Neg",0.0847
21,1,0.265,0.039,7.214,"Neg",0.0072
32,1,0.191,0.031,8.193,"Neg",0.0042
33,1,0.195,0.041,6.901,"Neg",0.0086
34,1,0.148,0.053,2.859,"Neg",0.0909
36,1,0.148,0.019,9.785,"Neg",0.0018
37,1,0.166,0.019,12.767,"Neg",4e-04
38,1,0.733,0.084,20.678,"Neg",0
47,1,0.445,0.093,13.259,"Neg",3e-04
48,1,0.251,0.048,9.697,"Neg",0.0018
50,1,0.228,0.056,6.197,"Neg",0.0128
52,1,0.12,0.026,6.183,"Neg",0.0129
55,1,0.432,0.117,8.415,"Neg",0.0037
56,1,0.241,0.058,5.277,"Neg",0.0216
57,1,0.414,0.081,13.94,"Neg",2e-04
58,1,0.232,0.037,7.694,"Neg",0.0055
59,1,0.757,0.127,14.106,"Neg",2e-04
60,1,1.051,0.035,46.905,"Neg",0
61,1,0.103,0.005,10.49,"Neg",0.0012
62,1,0.274,0.075,5.056,"Neg",0.0245
63,1,0.441,0.022,26.401,"Neg",0
64,1,0.35,0.031,13.502,"Neg",2e-04
65,1,0.266,0,37.027,"Neg",0
66,1,0.432,0.064,15.864,"Neg",1e-04
67,1,0.471,0.023,24.097,"Neg",0
68,1,0.567,0.061,29.634,"Neg",0
69,1,0.214,0.05,7.38,"Neg",0.0066
70,1,0.284,0.102,4.778,"Neg",0.0288
71,1,0.23,0.082,3.768,"Neg",0.0522
72,1,0.249,0.053,8.263,"Neg",0.004
74,1,0.314,0.042,16.529,"Neg",0
75,1,0.494,0.043,23.891,"Neg",0
76,1,0.529,0.059,21.331,"Neg",0
77,1,1.1,0.072,31.978,"Neg",0
78,1,4.075,0.022,11.36,"Neg",8e-04
79,1,0.912,0.03,61.481,"Neg",0
80,1,0.541,0.043,26.994,"Neg",0
81,1,0.84,0.033,52.017,"Neg",0
82,1,0.767,0.142,20.263,"Neg",0
83,1,0.601,0,68.634,"Neg",0
84,1,0.607,0.073,15.811,"Neg",1e-04
85,1,0.37,0.091,8.332,"Neg",0.0039
86,1,0.658,0.136,14.08,"Neg",2e-04
87,1,0.715,0.154,11.85,"Neg",6e-04
88,1,1.029,0.081,29.75,"Neg",0
89,1,0.783,0.143,12.572,"Neg",4e-04
90,1,0.817,0.052,28.407,"Neg",0
91,1,0.298,0.084,4.757,"Neg",0.0292
92,1,0.43,0.071,13.091,"Neg",3e-04
93,1,0.844,0.086,26.022,"Neg",0
94,1,0.596,0.153,11.781,"Neg",6e-04
95,1,0.894,0.051,41.792,"Neg",0
96,1,1.127,0.028,66.62,"Neg",0
97,1,1.054,0.169,25.849,"Neg",0
98,1,0.439,0.013,36.063,"Neg",0
99,1,1.029,0.045,39.156,"Neg",0
100,1,0.568,0.115,14.355,"Neg",2e-04
101,1,0.728,0.034,46.109,"Neg",0
102,1,0.517,0.005,52.065,"Neg",0
103,1,0.465,0.045,17.147,"Neg",0
104,1,1.327,0.009,71.012,"Neg",0
105,1,0.669,0.07,15.629,"Neg",1e-04
106,1,0.512,0.06,15.697,"Neg",1e-04
107,1,0.723,0.011,60.025,"Neg",0
108,1,0.759,0.066,30.057,"Neg",0
109,1,0.529,0.051,24.297,"Neg",0
116,1,93.896,0,5.338,"Neg",0.0209
120,1,13.323,0,5.053,"Neg",0.0246
122,1,0,0.17,2.711,"Pos",0.0996
124,1,308.39,0.025,3.498,"Neg",0.0615
130,1,2.622,0,5.245,"Neg",0.022
133,1,842.46,0.027,3.317,"Neg",0.0686
140,1,2.622,0,5.319,"Neg",0.0211
142,1,0,0.117,2.823,"Pos",0.0929
150,1,0.318,0.048,14.367,"Neg",2e-04
151,1,0.453,0.071,16.967,"Neg",0
152,1,0.49,0.048,18.695,"Neg",0
153,1,0.631,0.053,33.18,"Neg",0
154,1,0.527,0.234,2.81,"Neg",0.0937
155,1,0.623,0.171,10.907,"Neg",0.001
156,1,0.585,0.028,40.273,"Neg",0
157,1,0.701,0.11,17.816,"Neg",0
158,1,0.538,0.096,15.454,"Neg",1e-04
159,1,0.586,0.099,11.506,"Neg",7e-04
160,1,0.964,0.04,59.783,"Neg",0
161,1,0.545,0.058,18.95,"Neg",0
162,1,1.264,0.058,41.005,"Neg",0
163,1,0.843,0.056,50.491,"Neg",0
164,1,0.662,0.041,43.339,"Neg",0
165,1,1.089,0.052,61.833,"Neg",0
166,1,0.675,0.041,30.993,"Neg",0
167,1,0.179,0.052,5.486,"Neg",0.0192
168,1,0.412,0.063,10.559,"Neg",0.0012
169,1,1.013,0.107,30.573,"Neg",0
170,1,0.775,0.098,27.946,"Neg",0
171,1,0.52,0.058,19.046,"Neg",0
172,1,0.297,0.141,2.715,"Neg",0.0994
173,1,0.689,0.018,52.924,"Neg",0
174,1,1.829,0.055,66.391,"Neg",0
175,1,1.425,0.057,48.671,"Neg",0
177,1,0.519,0.097,15.138,"Neg",1e-04
178,1,0.779,0.072,26.865,"Neg",0
179,1,0.81,0.126,14.831,"Neg",1e-04
180,1,0.635,0.083,14.458,"Neg",1e-04
181,1,0.335,0.059,5.178,"Neg",0.0229
183,1,2.622,0,3.578,"Neg",0.0585
187,1,2.622,0,3.806,"Neg",0.0511
271,1,2.622,0,3.806,"Neg",0.0511
189,1,1.411,0.045,3.714,"Neg",0.054
190,1,10000,0.083,4.606,"Neg",0.0319
191,1,1.151,0.056,56.274,"Neg",0
192,1,1.008,0.046,35.268,"Neg",0
193,1,2.3,0.1,52.496,"Neg",0
194,1,1.072,0.039,45.745,"Neg",0
195,1,0.768,0.055,41.131,"Neg",0
196,1,2.372,0.105,51.432,"Neg",0
197,1,1.117,0.051,56.873,"Neg",0
198,1,1.479,0.107,49.638,"Neg",0
199,1,0.658,0.068,29.251,"Neg",0
200,1,1.239,0.064,57.492,"Neg",0
201,1,0.661,0.097,23.554,"Neg",0
202,1,1.002,0.118,30.492,"Neg",0
203,1,0.658,0.031,44.491,"Neg",0
204,1,0.858,0.096,19.497,"Neg",0
205,1,1.211,0.108,43.688,"Neg",0
206,1,1.067,0.044,65.886,"Neg",0
207,1,1.185,0.066,36.064,"Neg",0
208,1,0.426,0.041,25.684,"Neg",0
209,1,1.357,0.035,83.128,"Neg",0
210,1,1.252,0.095,37.633,"Neg",0
211,1,1.165,0.084,47.246,"Neg",0
212,1,0.959,0.259,14.417,"Neg",1e-04
213,1,0.787,0.2,10.013,"Neg",0.0016
214,1,0.646,0.077,23.322,"Neg",0
215,1,1.481,0.089,43.422,"Neg",0
216,1,1.135,0.068,38.205,"Neg",0
217,1,1.482,0.073,60.11,"Neg",0
218,1,0.458,0.044,24.034,"Neg",0
219,1,0.653,0.081,16.691,"Neg",0
220,1,1.195,0.034,44.367,"Neg",0
221,1,1.022,0.073,30.075,"Neg",0
222,1,1.258,0.045,46.854,"Neg",0
223,1,0.9,0.09,22.671,"Neg",0
224,1,0.503,0.055,19.065,"Neg",0
225,1,1.136,0.09,42.317,"Neg",0
226,1,0.212,0.017,16.897,"Neg",0
233,1,0.568,0.066,14.852,"Neg",1e-04
234,1,0.677,0.051,23.96,"Neg",0
235,1,1.109,0.081,31.158,"Neg",0
236,1,0.675,0.041,38.863,"Neg",0
237,1,0.536,0.122,9.772,"Neg",0.0018
238,1,1.049,0.032,65.847,"Neg",0
239,1,0.58,0.05,24.598,"Neg",0
240,1,1.663,0.083,64.339,"Neg",0
241,1,1.353,0.081,59.341,"Neg",0
242,1,1.823,0.051,82.857,"Neg",0
244,1,0.886,0.023,67.902,"Neg",0
245,1,0.925,0.051,53.485,"Neg",0
246,1,0.617,0.073,28.09,"Neg",0
247,1,0.573,0.044,35.989,"Neg",0
248,1,0.75,0.048,38.842,"Neg",0
249,1,0.509,0.038,22.457,"Neg",0
250,1,0.507,0.039,32.456,"Neg",0
251,1,0.765,0.054,38.058,"Neg",0
253,1,2.303,0.049,76.64,"Neg",0
254,1,0.816,0.062,43.819,"Neg",0
255,1,1.696,0.076,47.945,"Neg",0
256,1,0.586,0.11,18.906,"Neg",0
257,1,1.053,0.116,32.735,"Neg",0
258,1,0.811,0.041,34.935,"Neg",0
259,1,0.71,0.123,14.423,"Neg",1e-04
260,1,0.377,0.017,19.869,"Neg",0
261,1,1.238,0.044,60.07,"Neg",0
262,1,0.984,0.197,16.189,"Neg",1e-04
263,1,1.159,0.128,34.179,"Neg",0
264,1,0.795,0.056,39.239,"Neg",0
265,1,2.558,0.188,36.999,"Neg",0
266,1,0.767,0.049,36.002,"Neg",0
267,1,1.865,0.113,38.96,"Neg",0
268,1,1.52,0.074,41.672,"Neg",0
269,1,0.71,0.032,41.489,"Neg",0
270,1,0.19,0.013,3.504,"Neg",0.0612
275,1,2.622,0,3.784,"Neg",0.0517
277,1,2.622,0,3.882,"Neg",0.0488
280,1,2.622,0,3.304,"Neg",0.0691
283,1,1.308,0.076,37.58,"Neg",0
284,1,1.088,0.064,44.028,"Neg",0
285,1,0.89,0.089,32.418,"Neg",0
286,1,1.106,0.034,71.345,"Neg",0
287,1,0.703,0.03,37.113,"Neg",0
288,1,1.429,0.118,33.56,"Neg",0
289,1,1.381,0.106,42.334,"Neg",0
290,1,1.779,0.057,59.066,"Neg",0
291,1,1.54,0.243,25.778,"Neg",0
292,1,1.696,0.129,55.89,"Neg",0
293,1,0.914,0.252,7.753,"Neg",0.0054
294,1,2.295,0.106,54.898,"Neg",0
295,1,0.965,0.045,56.808,"Neg",0
296,1,1.465,0.121,40.993,"Neg",0
297,1,1.368,0.207,28.988,"Neg",0
298,1,0.898,0.241,9.754,"Neg",0.0018
299,1,0.483,0.092,10.689,"Neg",0.0011
300,1,2.853,0.058,72.936,"Neg",0
301,1,0.918,0.062,47.365,"Neg",0
302,1,1.04,0.042,52.915,"Neg",0
303,1,3.446,0.093,72.778,"Neg",0
304,1,0.433,0.113,7.547,"Neg",0.006
305,1,0.56,0.016,26.852,"Neg",0
306,1,0.603,0.075,24.872,"Neg",0
307,1,10000,0.074,8.603,"Neg",0.0034
309,1,0.879,0.046,29.476,"Neg",0
310,1,0.92,0.145,18.847,"Neg",0
311,1,2.177,0.21,44.842,"Neg",0
312,1,0.618,0.093,22.224,"Neg",0
313,1,1.234,0.057,45.044,"Neg",0
315,1,1.617,0.112,43.464,"Neg",0
317,1,1.39,0.035,58.875,"Neg",0
318,1,0.476,0.099,6.368,"Neg",0.0116
319,1,1.827,0.065,59.201,"Neg",0
320,1,1.374,0.067,45.135,"Neg",0
321,1,1.261,0.042,49.21,"Neg",0
322,1,0.506,0.042,32.56,"Neg",0
323,1,1.245,0.243,22.359,"Neg",0
324,1,0.894,0.072,37.937,"Neg",0
325,1,2.125,0.008,102.665,"Neg",0
326,1,1.21,0.051,61.31,"Neg",0
327,1,0.496,0.048,16.442,"Neg",1e-04
328,1,1.063,0.134,33.055,"Neg",0
329,1,0.602,0.022,46.93,"Neg",0
330,1,0.7,0.044,38.395,"Neg",0
331,1,1.773,0.063,59.039,"Neg",0
332,1,0.759,0.069,24.185,"Neg",0
333,1,1.039,0.041,39.041,"Neg",0
334,1,0.653,0.054,35.476,"Neg",0
335,1,1.362,0.079,40.716,"Neg",0
336,1,0.487,0.076,19.398,"Neg",0
337,1,0.799,0.01,61.187,"Neg",0
338,1,1.468,0.024,60.235,"Neg",0
339,1,3.511,0.035,123.525,"Neg",0
340,1,0.697,0.078,25.295,"Neg",0
341,1,0.877,0.047,32.188,"Neg",0
342,1,2.433,0.107,56.58,"Neg",0
343,1,1.105,0.034,57.059,"Neg",0
344,1,2.21,0.171,37.802,"Neg",0
345,1,1.272,0.064,57.209,"Neg",0
346,1,1.688,0.048,77.532,"Neg",0
347,1,0.963,0.067,22.448,"Neg",0
348,1,1.09,0.05,48.823,"Neg",0
349,1,1.243,0.064,46.912,"Neg",0
350,1,0.272,0.079,6.537,"Neg",0.0106
351,1,0.447,0.072,16.555,"Neg",0
360,1,0.88,0.072,38.707,"Neg",0
361,1,3.12,0.055,80.128,"Neg",0
362,1,2.195,0.064,66.402,"Neg",0
363,1,0.169,0.049,5.141,"Neg",0.0234
364,1,1.014,0.13,30.417,"Neg",0
365,1,0.998,0.077,36.67,"Neg",0
366,1,1.1,0.114,26.869,"Neg",0
367,1,0.873,0.087,30.375,"Neg",0
368,1,0.648,0.057,34.328,"Neg",0
369,1,1.86,0.152,42.438,"Neg",0
370,1,0.707,0.076,18.352,"Neg",0
371,1,1.175,0.075,43.587,"Neg",0
372,1,1.083,0.164,27.872,"Neg",0
373,1,0.247,0.004,27.44,"Neg",0
374,1,0.282,0.031,18.885,"Neg",0
376,1,1.083,0.093,28.53,"Neg",0
377,1,0.879,0.007,48.392,"Neg",0
378,1,1.334,0.109,28.91,"Neg",0
379,1,0.983,0.124,27.6,"Neg",0
380,1,1.718,0.346,23.003,"Neg",0
381,1,0.856,0.13,23.469,"Neg",0
382,1,1.456,0.096,54.823,"Neg",0
383,1,1.199,0.286,12.323,"Neg",4e-04
384,1,1.227,0.068,45.325,"Neg",0
385,1,1.518,0.183,24.864,"Neg",0
386,1,0.635,0.008,55.645,"Neg",0
387,1,0.869,0.057,26.724,"Neg",0
388,1,0.541,0.08,17.017,"Neg",0
389,1,2.914,0.078,99.376,"Neg",0
390,1,2.63,0.099,82.409,"Neg",0
408,1,1.857,0.066,54.127,"Neg",0
410,1,1.904,0.237,33.524,"Neg",0
411,1,1.643,0.172,38.632,"Neg",0
412,1,0.746,0.051,25.416,"Neg",0
413,1,1.943,0.06,71.527,"Neg",0
414,1,1.514,0.22,24.66,"Neg",0
415,1,1.431,0.605,4.948,"Neg",0.0261
416,1,0.672,0.078,24.333,"Neg",0
417,1,822.332,0.045,10.926,"Neg",9e-04
418,1,2.347,0.116,66.374,"Neg",0
419,1,2.116,0.171,35.792,"Neg",0
420,1,1.625,0.131,41.571,"Neg",0
421,1,1.994,0.164,27.597,"Neg",0
433,1,1.266,0.083,54.967,"Neg",0
434,1,1.373,0.021,93.236,"Neg",0
435,1,2.18,0.129,47.032,"Neg",0
436,1,0.833,0.115,23.898,"Neg",0
437,1,0.411,0.049,15.496,"Neg",1e-04
438,1,0.318,0.092,5.45,"Neg",0.0196
439,1,0.456,0.068,17.79,"Neg",0
440,1,1.173,0.275,18.047,"Neg",0
441,1,0.344,0.106,5.537,"Neg",0.0186
442,1,0.763,0.069,35.39,"Neg",0
443,1,0.251,0.083,4.807,"Neg",0.0283
445,1,1.521,0.22,19.046,"Neg",0
446,1,1.192,0.082,10.878,"Neg",0.001
447,1,0.285,0.072,6.896,"Neg",0.0086
448,1,1.77,0.179,29.589,"Neg",0
449,1,1.089,0.212,16.165,"Neg",1e-04
450,1,0.777,0.017,57.027,"Neg",0
451,1,1.082,0.045,40.282,"Neg",0
452,1,1.64,0.116,36.975,"Neg",0
453,1,0.634,0.185,9.822,"Neg",0.0017
454,1,1.372,0.044,67.123,"Neg",0
455,1,0.682,0.048,33.865,"Neg",0
456,1,1.128,0.109,33.106,"Neg",0
457,1,1.06,0.126,22.085,"Neg",0
458,1,0.864,0,91.423,"Neg",0
459,1,1.732,0.005,90.45,"Neg",0
460,1,0.808,0.02,48.947,"Neg",0
461,1,1.938,0.132,40.168,"Neg",0
462,1,0.789,0.054,41.561,"Neg",0
463,1,1.556,0.091,65.306,"Neg",0
464,1,2.12,0.045,97.553,"Neg",0
465,1,1.878,0.213,18.664,"Neg",0
466,1,1.412,0.137,47.057,"Neg",0
467,1,0.939,0.157,13.372,"Neg",3e-04
471,1,0.797,0.038,45.717,"Neg",0
472,1,0.385,0.087,7.879,"Neg",0.005
473,1,0.916,0.068,36.907,"Neg",0
474,1,1.05,0.078,32.006,"Neg",0
475,1,2.022,0.088,49.175,"Neg",0
476,1,2.621,0.341,32.759,"Neg",0
477,1,1.456,0.107,32.73,"Neg",0
522,1,1.276,0.033,46.647,"Neg",0
523,1,0.527,0.061,20.565,"Neg",0
524,1,1.058,0.031,52.501,"Neg",0
525,1,1.74,0.164,26.958,"Neg",0
526,1,0.969,0.041,62.251,"Neg",0
527,1,1.454,0.169,28.328,"Neg",0
528,1,1.702,0.119,52.757,"Neg",0
529,1,1.589,0.096,36.676,"Neg",0
530,1,1.777,0.061,72.561,"Neg",0
531,1,0.333,0.063,9.186,"Neg",0.0024
532,1,1.159,0.031,71.504,"Neg",0
533,1,0.713,0.028,50.246,"Neg",0
534,1,0.429,0.097,7.819,"Neg",0.0052
535,1,0.88,0.033,58.699,"Neg",0
536,1,0.383,0.113,3.778,"Neg",0.0519
537,1,1.269,0.08,39.175,"Neg",0
538,1,1.061,0.035,64.004,"Neg",0
539,1,0.536,0.055,24.784,"Neg",0
540,1,2.259,0.167,34.109,"Neg",0
541,1,2.416,0.068,74.924,"Neg",0
542,1,249.017,0,4.062,"Neg",0.0438
545,1,10.721,0.084,3.749,"Neg",0.0528
546,1,1.075,0.062,53.15,"Neg",0
547,1,1.815,0.043,65.626,"Neg",0
548,1,0.529,0.23,3.038,"Neg",0.0814
549,1,1.131,0,106.728,"Neg",0
550,1,0.924,0.032,43.243,"Neg",0
551,1,3.066,0.065,80.674,"Neg",0
562,1,0.832,0.148,16.527,"Neg",0
563,1,2.052,0.054,75.221,"Neg",0
564,1,0.491,0.053,16.168,"Neg",1e-04
565,1,1.653,0.004,97.952,"Neg",0
566,1,1.274,0.34,14.421,"Neg",1e-04
567,1,1.093,0.015,82.566,"Neg",0
568,1,0.83,0.026,62.994,"Neg",0
569,1,0.902,0.027,66.079,"Neg",0
570,1,0.771,0.008,81.464,"Neg",0
571,1,0.12,0.012,10,"Neg",0.0016
572,1,0.443,0.025,7.768,"Neg",0.0053
573,1,0.939,0.028,67.582,"Neg",0
574,1,0.994,0.03,39.497,"Neg",0
575,1,0.25,0.046,4.968,"Neg",0.0258
576,1,0.151,0.013,12.469,"Neg",4e-04
577,1,1.765,0.013,115.168,"Neg",0
578,1,1.273,0.084,57.69,"Neg",0
579,1,10000,0.053,10.188,"Neg",0.0014
580,1,1.822,0.049,95.603,"Neg",0
581,1,1.58,0.067,66.582,"Neg",0
582,1,1.017,0.119,26.395,"Neg",0
583,1,0.848,0.136,15.599,"Neg",1e-04
584,1,0.649,0.187,10.973,"Neg",9e-04
585,1,0.765,0.053,37.816,"Neg",0
586,1,6.234,0.109,89.263,"Neg",0
587,1,0.921,0.112,19.674,"Neg",0
588,1,0.853,0.045,52.881,"Neg",0
589,1,0.216,0.028,10.029,"Neg",0.0015
590,1,7.627,0.096,91.192,"Neg",0
591,1,0.424,0.024,33,"Neg",0
592,1,0.726,0.017,61.082,"Neg",0
593,1,1.363,0.064,43.299,"Neg",0
594,1,0.733,0.039,51.27,"Neg",0
595,1,1.729,0.138,46.706,"Neg",0
596,1,1.519,0.004,120.569,"Neg",0
597,1,1.071,0.085,31.719,"Neg",0
598,1,1.888,0.018,94.458,"Neg",0
599,1,0.388,0.044,12.494,"Neg",4e-04
600,1,1.788,0.139,49.629,"Neg",0
601,1,1.331,0.026,81.119,"Neg",0
602,1,1.14,0.108,26.976,"Neg",0
603,1,1.792,0.19,41.343,"Neg",0
604,1,0.852,0.173,10.543,"Neg",0.0012
605,1,2.238,0.072,88.499,"Neg",0
606,1,1.274,0.112,27.331,"Neg",0
607,1,0.619,0.051,35.211,"Neg",0
608,1,1.025,0.14,31.633,"Neg",0
609,1,1.026,0.084,44.374,"Neg",0
610,1,1.316,0.092,49.434,"Neg",0
611,1,1.683,0.211,27.239,"Neg",0
612,1,0.708,0.079,27.97,"Neg",0
613,1,0.986,0.03,46.611,"Neg",0
614,1,0.678,0.059,20.228,"Neg",0
615,1,1.312,0.032,73.853,"Neg",0
616,1,1.354,0.018,68.68,"Neg",0
617,1,1.638,0.08,63.517,"Neg",0
618,1,0.942,0.132,24.67,"Neg",0
619,1,2.335,0.048,69.803,"Neg",0
620,1,2.624,0.052,71.939,"Neg",0
621,1,1.647,0.034,79.743,"Neg",0
622,1,0.272,0.042,10.453,"Neg",0.0012
623,1,4.382,0.004,130.971,"Neg",0
624,1,0.944,0.042,58.144,"Neg",0
625,1,0.487,0.034,23.411,"Neg",0
626,1,1.002,0.004,95.693,"Neg",0
627,1,0.457,0.009,47.4,"Neg",0
629,1,0.934,0.171,19.166,"Neg",0
630,1,2.071,0.09,44.148,"Neg",0
631,1,0.102,0.025,4.082,"Neg",0.0433
632,1,1.138,0.066,41.308,"Neg",0
633,1,0.677,0.036,42.124,"Neg",0
634,1,1.506,0.237,26.275,"Neg",0
635,1,0.847,0.032,53.344,"Neg",0
636,1,1.324,0.053,49.225,"Neg",0
637,1,0.433,0.049,20.708,"Neg",0
638,1,1.657,0.049,88.03,"Neg",0
640,1,1.18,0.068,40.63,"Neg",0
641,1,1.96,0.058,62.341,"Neg",0
642,1,0.631,0.027,42.553,"Neg",0
643,1,2.236,0.088,58.517,"Neg",0
644,1,0.838,0.072,27.688,"Neg",0
645,1,0.304,0.065,6.337,"Neg",0.0118
646,1,0.86,0.068,23.606,"Neg",0
647,1,2.908,0.185,53.496,"Neg",0
648,1,1.117,0.046,62.495,"Neg",0
649,1,1.384,0.108,46.196,"Neg",0
650,1,2.475,0.12,45.677,"Neg",0
651,1,1.423,0.036,45.285,"Neg",0
652,1,0.726,0.104,15.324,"Neg",1e-04
653,1,0.108,0,18.801,"Neg",0
654,1,0.594,0.064,4.887,"Neg",0.0271
655,1,1.226,0.074,60.323,"Neg",0
656,1,0.61,0,72.044,"Neg",0
657,1,1.202,0.062,62.584,"Neg",0
658,1,0.902,0.022,65.366,"Neg",0
659,1,3.055,0.079,69.044,"Neg",0
660,1,1.883,0.244,39.035,"Neg",0
661,1,2.18,0.062,74.4,"Neg",0
662,1,2.763,0.127,72.533,"Neg",0
665,1,0.924,0.06,39.482,"Neg",0
666,1,0.637,0.112,12.682,"Neg",4e-04
667,1,1.487,0.054,68.585,"Neg",0
668,1,0.608,0.072,26.68,"Neg",0
669,1,2.974,0.092,75.505,"Neg",0
670,1,0.527,0.044,20.082,"Neg",0
671,1,4.721,0.088,85.972,"Neg",0
672,1,1.417,0.063,44.269,"Neg",0
673,1,0.253,0.089,3.572,"Neg",0.0587
674,1,0.694,0.077,27.932,"Neg",0
675,1,2.63,0.062,70.158,"Neg",0
679,1,1.917,0.24,37.75,"Neg",0
680,1,1.377,0.092,38.976,"Neg",0
681,1,1.09,0.125,27.749,"Neg",0
682,1,1.805,0.122,51.246,"Neg",0
683,1,2.031,0.159,43.776,"Neg",0
684,1,1.078,0.039,69.605,"Neg",0
685,1,1.226,0.079,34.743,"Neg",0
686,1,0.95,0.008,83.18,"Neg",0
687,1,1.187,0.035,54.037,"Neg",0
695,1,1.763,0.035,69.022,"Neg",0
696,1,1.286,0.054,66.396,"Neg",0
697,1,2.458,0.094,75.31,"Neg",0
698,1,1.831,0.059,58.267,"Neg",0
699,1,1.166,0.028,68.236,"Neg",0
700,1,2.017,0.065,82.129,"Neg",0
701,1,0.87,0.049,27.582,"Neg",0
702,1,1.692,0.029,99.324,"Neg",0
703,1,1.214,0.042,62.583,"Neg",0
704,1,3.146,0.064,116.968,"Neg",0
705,1,1.462,0.085,57.999,"Neg",0
706,1,1.261,0.273,15.245,"Neg",1e-04
707,1,0.201,0.047,6.209,"Neg",0.0127
708,1,0.946,0.062,29.893,"Neg",0
709,1,1.629,0.061,50.146,"Neg",0
710,1,1.59,0.161,30.487,"Neg",0
711,1,1.181,0.063,39.562,"Neg",0
712,1,2.085,0.163,39.473,"Neg",0
713,1,1.912,0.06,87.305,"Neg",0
714,1,1.091,0.266,10.62,"Neg",0.0011
715,1,1.641,0.133,32.574,"Neg",0
720,1,1.527,0.063,67.015,"Neg",0
721,1,2.218,0.146,39.851,"Neg",0
722,1,0.69,0.089,26.701,"Neg",0
723,1,1.405,0.099,54.65,"Neg",0
725,1,10000,0.147,6.426,"Neg",0.0112
727,1,0.999,0.026,45.355,"Neg",0
728,1,0.29,0.101,4.129,"Neg",0.0422
729,1,0.889,0.095,23.116,"Neg",0
730,1,1.144,0.133,25.917,"Neg",0
731,1,1.732,0.081,58.05,"Neg",0
732,1,1.528,0.093,41.724,"Neg",0
733,1,0.463,0.018,39.448,"Neg",0
734,1,1.041,0.417,8.371,"Neg",0.0038
735,1,2.261,0.077,57.843,"Neg",0
736,1,2.206,0.175,51.062,"Neg",0
737,1,0.715,0.161,13.905,"Neg",2e-04
738,1,2.155,0.087,82.09,"Neg",0
739,1,0.567,0.027,41.453,"Neg",0
740,1,0.379,0.052,10.493,"Neg",0.0012
743,1,0.122,0,2.951,"Neg",0.0858
746,1,0.402,0.021,29.82,"Neg",0
747,1,1.793,0.251,27.643,"Neg",0
749,1,0.816,0.053,27.596,"Neg",0
750,1,1.313,0.057,50.41,"Neg",0
751,1,0.491,0.092,11.035,"Neg",9e-04
752,1,0.941,0.043,34.783,"Neg",0
753,1,0.994,0.26,14.354,"Neg",2e-04
754,1,1.072,0.107,37.313,"Neg",0
755,1,1.258,0.24,23.411,"Neg",0
756,1,1.822,0.454,14.482,"Neg",1e-04
757,1,1.738,0.033,102.19,"Neg",0
758,1,1.72,0.127,51.308,"Neg",0
759,1,0.927,0.063,41.683,"Neg",0
760,1,1.118,0.083,31.686,"Neg",0
761,1,2.539,0.147,63.437,"Neg",0
762,1,0.876,0.066,27.886,"Neg",0
763,1,0.478,0.058,16.426,"Neg",1e-04
764,1,0,0.097,3.094,"Pos",0.0786
771,1,1.507,0.666,4.393,"Neg",0.0361
772,1,0.836,0.058,45.345,"Neg",0
773,1,1.111,0.088,38.596,"Neg",0
776,1,3.742,0.081,77.712,"Neg",0
777,1,0.755,0.056,6.148,"Neg",0.0132
785,1,1.224,0.427,7.989,"Neg",0.0047
786,1,0.893,0.039,55.437,"Neg",0
787,1,0.658,0.077,15.864,"Neg",1e-04
788,1,1.932,0.374,22.699,"Neg",0
789,1,0.965,0.105,31.136,"Neg",0
790,1,2.207,0.065,8.729,"Neg",0.0031
791,1,22.026,0.362,12.316,"Neg",4e-04
792,1,0.521,0.099,16.036,"Neg",1e-04
793,1,0.35,0.074,8.217,"Neg",0.0042
794,1,0.952,0.107,32.47,"Neg",0
795,1,2.696,0.722,8.928,"Neg",0.0028
796,1,2.452,0.126,66.756,"Neg",0
797,1,4.315,0.143,42.623,"Neg",0
798,1,2.256,0.124,62.953,"Neg",0
799,1,2.027,0.443,16.992,"Neg",0
800,1,3.719,0.832,13.96,"Neg",2e-04
801,1,0.763,0.233,10.378,"Neg",0.0013
802,1,6.666,1.045,11.975,"Neg",5e-04
803,1,3.431,0.902,10.473,"Neg",0.0012
804,1,1.969,0.905,4.598,"Neg",0.032
805,1,12.699,0,3.677,"Neg",0.0552
807,1,0,1.029,3.881,"Pos",0.0488
810,1,1.661,0.469,5.532,"Neg",0.0187
811,1,2.856,0.563,19.796,"Neg",0
812,1,3.494,0.527,24.795,"Neg",0
813,1,2.097,0.292,30.644,"Neg",0
814,1,1.794,0.586,9.587,"Neg",0.002
818,1,10000,0.87,3.671,"Neg",0.0554
819,1,2.727,0.175,42.135,"Neg",0
820,1,3.297,0.531,26.768,"Neg",0
821,1,2.072,0.211,45.837,"Neg",0
822,1,2.319,0.164,43.04,"Neg",0
823,1,2.707,0.031,95.479,"Neg",0
824,1,0.798,0.112,16.585,"Neg",0
825,1,1.058,0.222,19.121,"Neg",0
827,1,1.633,0.245,23.117,"Neg",0
828,1,0.721,0.103,18.671,"Neg",0
829,1,2.241,0.318,27.846,"Neg",0
830,1,1.003,0.053,55.753,"Neg",0
831,1,10000,0.03,9.418,"Neg",0.0021
832,1,2.125,0.242,42.833,"Neg",0
833,1,4.238,0.061,96.48,"Neg",0
834,1,0.322,0.033,14.087,"Neg",2e-04
835,1,3.916,0.283,34.987,"Neg",0
836,1,1.539,0.037,76.447,"Neg",0
837,1,0.774,0.024,43.155,"Neg",0
838,1,1.258,0.019,85.452,"Neg",0
839,1,1.082,0.07,48.251,"Neg",0
840,1,0.852,0.113,21.524,"Neg",0
842,1,0.913,0.008,91.087,"Neg",0
843,1,1.359,0.032,80.98,"Neg",0
844,1,1.585,0.407,15.835,"Neg",1e-04
845,1,1.031,0.008,92.632,"Neg",0
846,1,1.515,0.49,10.765,"Neg",0.001
850,1,1.464,0.126,35.108,"Neg",0
857,1,1.261,0.186,28.771,"Neg",0
858,1,0.879,0.183,14.12,"Neg",2e-04
859,1,0.273,0.093,5.77,"Neg",0.0163
860,1,1.258,0.077,36.8,"Neg",0
861,1,0.656,0.142,14.637,"Neg",1e-04
862,1,1.15,0.076,29.413,"Neg",0
863,1,1.239,0.143,29.67,"Neg",0
864,1,1.753,0.063,76.307,"Neg",0
865,1,1.855,0.217,28.202,"Neg",0
866,1,1.013,0.035,65.394,"Neg",0
871,1,1.411,0.06,69.636,"Neg",0
872,1,1.215,0.051,55.848,"Neg",0
873,1,1.885,0.085,49.493,"Neg",0
874,1,0.508,0.041,19.958,"Neg",0
875,1,1.287,0.162,20.691,"Neg",0
877,1,0.872,0.04,32.524,"Neg",0
878,1,0.806,0.042,35.02,"Neg",0
880,1,0.734,0.106,23.575,"Neg",0
881,1,0.868,0.276,9.057,"Neg",0.0026
882,1,1.628,0.085,47.999,"Neg",0
883,1,1.223,0.203,24.046,"Neg",0
884,1,0.814,0.309,7.759,"Neg",0.0053
885,1,0.889,0.291,7.369,"Neg",0.0066
886,1,2.126,0.048,67.818,"Neg",0
887,1,2.035,0.161,39.802,"Neg",0
888,1,0.726,0.03,48.919,"Neg",0
889,1,2.389,0.147,54.849,"Neg",0
890,1,0.965,0.13,18.414,"Neg",0
894,1,0.944,0.271,6.936,"Neg",0.0084
895,1,2.842,0.184,42.358,"Neg",0
896,1,1.885,0.336,23.38,"Neg",0
897,1,1.378,0.338,14.5,"Neg",1e-04
898,1,2.189,0.05,2.727,"Neg",0.0987
899,1,1.606,0.04,81.634,"Neg",0
900,1,1.252,0.212,18.419,"Neg",0
901,1,1.245,0.092,43.294,"Neg",0
902,1,2.107,0.108,75.878,"Neg",0
903,1,1.093,0.055,51.171,"Neg",0
904,1,2.392,0.23,50.406,"Neg",0
905,1,1.947,0.151,38.904,"Neg",0
906,1,1.731,0.496,12.536,"Neg",4e-04
907,1,1.278,0.039,75.538,"Neg",0
908,1,1.796,0.092,44.343,"Neg",0
909,1,1.368,0.08,56.841,"Neg",0
910,1,1.625,0.156,36.272,"Neg",0
911,1,1.505,0.042,75.395,"Neg",0
916,1,2.03,0.201,30.186,"Neg",0
917,1,0.654,0.074,23.405,"Neg",0
918,1,0.822,0.115,25.371,"Neg",0
919,1,0.779,0.059,28.278,"Neg",0
920,1,1.491,0.115,31.923,"Neg",0
927,1,0.798,0.156,8.966,"Neg",0.0028
928,1,0.291,0.012,33.536,"Neg",0
929,1,0.196,0.043,5.183,"Neg",0.0228
930,1,0.792,0.076,24.3,"Neg",0
931,1,0.96,0.061,29.511,"Neg",0
932,1,0.251,0.049,6.659,"Neg",0.0099
933,1,0.41,0.033,17.53,"Neg",0
934,1,0.946,0.066,34.57,"Neg",0
935,1,1.429,0.041,78.35,"Neg",0
936,1,0.723,0.009,67.836,"Neg",0
937,1,0.813,0,84.233,"Neg",0
938,1,1.031,0.119,31.674,"Neg",0
939,1,1.607,0.126,37.068,"Neg",0
945,1,1.051,0.105,38.024,"Neg",0
946,1,0.892,0.047,46.516,"Neg",0
947,1,0.528,0,75.335,"Neg",0
948,1,0.762,0,82.487,"Neg",0
949,1,0.256,0.023,15.156,"Neg",1e-04
950,1,1.299,0.128,29.921,"Neg",0
951,1,1.293,0.057,59.067,"Neg",0
952,1,2.751,0.025,82.683,"Neg",0
953,1,0.848,0.126,21.803,"Neg",0
954,1,1.485,0.042,65.184,"Neg",0
955,1,0.96,0.016,70.421,"Neg",0
956,1,0.794,0.006,64.876,"Neg",0
957,1,0.939,0.047,32.74,"Neg",0
958,1,1.43,0.017,77.181,"Neg",0
959,1,1.101,0.144,25.557,"Neg",0
960,1,1.877,0.011,67.941,"Neg",0
961,1,2.129,0.703,9.169,"Neg",0.0025
962,1,2.784,0.721,11.279,"Neg",8e-04
963,1,2.165,0.77,6.559,"Neg",0.0104
966,1,1.526,0.753,3.487,"Neg",0.0618
968,1,1.622,0.878,2.997,"Neg",0.0834
970,1,2.119,0.563,11.416,"Neg",7e-04
971,1,3.391,1.322,5,"Neg",0.0253
975,1,4.337,0.764,8.032,"Neg",0.0046
976,1,2.25,0.467,12.719,"Neg",4e-04
978,1,3.545,0.664,7.07,"Neg",0.0078
979,1,1.894,0.052,34.658,"Neg",0
985,1,3.542,1.572,3.217,"Neg",0.0729
999,1,2.281,0.857,7.635,"Neg",0.0057
1002,1,1.25,0.585,4.224,"Neg",0.0398
1003,1,1.019,0.543,2.887,"Neg",0.0893
1004,1,3.171,0,3.5,"Neg",0.0614
1006,1,0.638,0.238,3.038,"Neg",0.0813
1007,1,2.358,0.415,21.957,"Neg",0
1008,1,3.91,0.148,53.299,"Neg",0
1009,1,1.954,0.304,23.649,"Neg",0
1010,1,0.673,0.012,39.054,"Neg",0
1011,1,1.715,0.051,71.771,"Neg",0
1012,1,1.476,0.057,61.602,"Neg",0
1015,1,1.031,0.034,65.43,"Neg",0
1016,1,0.572,0.004,58.021,"Neg",0
1017,1,1.528,0.047,57.028,"Neg",0
1018,1,1.287,0.077,55.039,"Neg",0
1019,1,3.355,0.092,41.107,"Neg",0
1020,1,1.166,0.109,42.606,"Neg",0
1021,1,1.637,0.156,43.032,"Neg",0
1022,1,0.885,0.122,25.503,"Neg",0
1023,1,0.887,0.062,26.941,"Neg",0
1024,1,1.352,0.296,18.757,"Neg",0
1025,1,3.407,0.012,117.463,"Neg",0
1026,1,1.125,0.088,43.327,"Neg",0
1027,1,1.695,0.036,78.243,"Neg",0
1028,1,1.425,0.165,41.498,"Neg",0
1029,1,1.259,0.021,101.975,"Neg",0
1032,1,0.836,0.033,57.302,"Neg",0
1033,1,0.664,0.043,43.07,"Neg",0
1034,1,1.421,0.065,40.142,"Neg",0
1035,1,1.177,0.126,32.17,"Neg",0
1036,1,1.063,0.111,26.269,"Neg",0
1037,1,2.337,0.126,41.546,"Neg",0
1038,1,1.63,0.037,61.222,"Neg",0
1039,1,1.808,0.045,54.54,"Neg",0
1040,1,2.203,0.152,55.732,"Neg",0
1041,1,1.301,0.09,34.246,"Neg",0
1042,1,1.314,0.137,37.426,"Neg",0
1043,1,1.904,0.09,61.236,"Neg",0
1044,1,0.767,0.022,60.38,"Neg",0
1045,1,2.477,0.074,90.627,"Neg",0
1046,1,1.779,0.04,86.683,"Neg",0
1047,1,0.596,0.274,3.207,"Neg",0.0733
1048,1,0.662,0,62.982,"Neg",0
1049,1,1.895,0.317,17.714,"Neg",0
1050,1,0.311,0,39.986,"Neg",0
1051,1,1.032,0.151,22.864,"Neg",0
1052,1,0.522,0.009,54.355,"Neg",0
1053,1,1.264,0.066,59.221,"Neg",0
1054,1,1.768,0.026,100.248,"Neg",0
1055,1,0.411,0.037,3.913,"Neg",0.0479
1056,1,0.217,0.073,3.278,"Neg",0.0702
1057,1,1.247,0.044,67.82,"Neg",0
1058,1,1.035,0.231,10.812,"Neg",0.001
1062,1,3.49,0.48,27.659,"Neg",0
1063,1,1.706,0.468,16.249,"Neg",1e-04
1064,1,3.722,0.728,18.64,"Neg",0
1065,1,1.805,0.818,3.993,"Neg",0.0457
1066,1,1.91,0.227,25.719,"Neg",0
1067,1,3.769,0.447,18.249,"Neg",0
1068,1,4.993,0.755,14.253,"Neg",2e-04
1069,1,1.552,0.599,7.078,"Neg",0.0078
1070,1,1.435,0.111,44.768,"Neg",0
1071,1,2.392,0.621,10.73,"Neg",0.0011
1073,1,0,0.304,2.771,"Pos",0.096
1076,1,4.848,0.071,3.122,"Neg",0.0772
1082,1,0.979,0.054,44.463,"Neg",0
1083,1,1.681,0.032,57.123,"Neg",0
1084,1,1.019,0.088,27.999,"Neg",0
1085,1,1.58,0.086,46.171,"Neg",0
1086,1,1.377,0.162,23.413,"Neg",0
1087,1,0.604,0.077,25.088,"Neg",0
1127,1,1.097,0.34,9.941,"Neg",0.0016
1128,1,1.186,0.094,36.167,"Neg",0
1129,1,0.599,0.101,14.936,"Neg",1e-04
1130,1,0.314,0.022,27.694,"Neg",0
1132,1,1.343,0.045,73.521,"Neg",0
1133,1,1.407,0.152,35.943,"Neg",0
1134,1,0.243,0,37.947,"Neg",0
1135,1,0.807,0.15,10.783,"Neg",0.001
1136,1,1.301,0.037,75.107,"Neg",0
1137,1,1.247,0.058,58.61,"Neg",0
1138,1,0.578,0.029,32.19,"Neg",0
1139,1,7223.213,0.026,7.381,"Neg",0.0066
1140,1,0.553,0.103,5.131,"Neg",0.0235
1141,1,13.323,0,2.745,"Neg",0.0975
1145,1,2.622,0,3.604,"Neg",0.0576
1146,1,0.673,0.025,50.16,"Neg",0
1147,1,0.61,0.008,66.195,"Neg",0
1148,1,1.168,0.037,66.223,"Neg",0
1149,1,0.831,0.034,53.089,"Neg",0
1150,1,0.31,0.016,31.193,"Neg",0
1151,1,0.629,0.023,44.303,"Neg",0
1152,1,0.851,0.083,27.76,"Neg",0
1153,1,0.161,0.027,7.938,"Neg",0.0048
1154,1,0.6,0.023,42.167,"Neg",0
1155,1,0.535,0.06,16.557,"Neg",0
1156,1,0.636,0.018,53.66,"Neg",0
1157,1,0.74,0.17,8.388,"Neg",0.0038
1168,1,0.203,0.036,11.532,"Neg",7e-04
1169,1,2.168,0.151,46.353,"Neg",0
1170,1,1.848,0.033,65.339,"Neg",0
1171,1,0.868,0.089,18.46,"Neg",0
1172,1,1.404,0.108,33.202,"Neg",0
1174,1,0.401,0.063,15.637,"Neg",1e-04
1175,1,0.986,0.023,52.658,"Neg",0
1176,1,0.682,0.07,18.836,"Neg",0
1177,1,1.269,0.229,23.199,"Neg",0
1179,1,2.046,0.04,73.954,"Neg",0
1180,1,1.317,0.054,36.824,"Neg",0
1181,1,0.097,0.013,6.039,"Neg",0.014
1182,1,0.492,0.026,21.551,"Neg",0
1183,1,0.487,0.004,40.621,"Neg",0
1184,1,0.539,0.076,16.104,"Neg",1e-04
1185,1,0.611,0.021,40.018,"Neg",0
1187,1,0.39,0,57.734,"Neg",0
1188,1,0.643,0.083,21.172,"Neg",0
1190,1,0.336,0.092,8.546,"Neg",0.0035
