Position,Proportion,Unique Amino Acids,Sample Sizes,Domain
1,0.8819444444444444,8,134,
2,0.8263888888888888,9,134,
3,0.8125,9,142,
4,0.9236111111111112,7,142,
5,0.8680555555555556,12,142,
6,0.8958333333333334,10,142,
7,0.9097222222222222,5,140,
8,0.8541666666666666,6,141,
9,0.8819444444444444,7,141,
10,0.875,9,141,
11,0.9375,7,141,
12,0.9166666666666666,9,142,
13,0.8055555555555556,6,142,
14,0.5347222222222222,11,142,
15,0.8888888888888888,10,142,
16,0.7986111111111112,10,141,
17,0.8472222222222222,11,141,
18,0.5972222222222222,9,141,
19,0.8263888888888888,14,141,
20,0.7777777777777778,8,137,
21,0.6666666666666666,10,139,
22,0.6041666666666666,11,139,
23,0.8125,12,137,
24,0.8819444444444444,12,143,
25,0.8680555555555556,8,143,POTRA1
26,0.9027777777777778,5,143,POTRA1
27,0.6458333333333334,9,143,POTRA1
28,0.875,7,143,POTRA1
29,0.9652777777777778,4,144,POTRA1
30,0.7222222222222222,11,144,POTRA1
31,0.875,4,144,POTRA1
32,0.8541666666666666,10,144,POTRA1
33,0.9791666666666666,3,144,POTRA1
34,0.9166666666666666,7,144,POTRA1
35,0.9166666666666666,8,144,POTRA1
36,0.8819444444444444,13,144,POTRA1
37,0.8958333333333334,8,144,POTRA1
38,0.6875,8,144,POTRA1
39,0.8125,10,144,POTRA1
40,0.8819444444444444,8,144,POTRA1
41,0.8819444444444444,11,144,POTRA1
42,0.875,7,143,POTRA1
43,0.8888888888888888,9,143,POTRA1
44,0.8611111111111112,11,143,POTRA1
45,0.5486111111111112,14,143,POTRA1
46,0.8472222222222222,7,143,POTRA1
47,0.9166666666666666,8,144,POTRA1
48,0.9027777777777778,8,144,POTRA1
49,0.8680555555555556,10,143,POTRA1
50,0.5486111111111112,9,143,POTRA1
51,0.9861111111111112,3,144,POTRA1
52,0.8611111111111112,8,144,POTRA1
53,0.7638888888888888,12,144,POTRA1
54,0.7569444444444444,9,144,POTRA1
55,0.3888888888888889,7,144,POTRA1
56,0.8055555555555556,8,144,POTRA1
57,0.6388888888888888,11,144,POTRA1
58,0.8888888888888888,12,143,POTRA1
59,0.8055555555555556,8,144,POTRA1
60,0.7152777777777778,10,144,POTRA1
61,0.625,9,144,POTRA1
62,0.7222222222222222,8,144,POTRA1
63,0.875,9,144,POTRA1
64,0.7569444444444444,8,143,POTRA1
65,0.6875,8,144,POTRA1
66,0.9652777777777778,4,144,POTRA1
67,0.8472222222222222,7,144,POTRA1
68,0.8125,10,144,POTRA1
69,0.8402777777777778,5,144,POTRA1
70,0.9513888888888888,7,144,POTRA1
71,0.8472222222222222,7,144,POTRA1
72,0.9652777777777778,5,144,POTRA1
73,0.8541666666666666,7,144,POTRA1
74,0.9236111111111112,7,144,POTRA1
75,0.9513888888888888,3,144,POTRA1
76,0.7777777777777778,10,144,POTRA1
77,0.8472222222222222,8,144,POTRA1
78,0.8472222222222222,11,144,POTRA1
79,0.8680555555555556,12,144,POTRA1
80,0.8680555555555556,9,144,POTRA1
81,0.9236111111111112,8,144,POTRA1
82,0.4236111111111111,12,144,POTRA1
83,0.6319444444444444,11,144,POTRA1
84,0.9513888888888888,6,143,POTRA1
85,0.4166666666666667,9,143,POTRA1
86,0.8819444444444444,9,143,POTRA1
87,0.8472222222222222,10,143,POTRA1
88,0.9583333333333334,4,143,POTRA1
89,0.875,11,143,POTRA1
90,0.9375,6,143,POTRA1
91,0.8680555555555556,9,143,POTRA1
92,0.9513888888888888,5,144,POTRA1
93,0.875,8,144,POTRA2
94,0.9444444444444444,5,144,POTRA2
95,0.8888888888888888,9,144,POTRA2
96,0.8333333333333334,8,144,POTRA2
97,0.8333333333333334,4,144,POTRA2
98,0.8194444444444444,10,142,POTRA2
99,0.9027777777777778,6,142,POTRA2
100,0.7777777777777778,10,142,POTRA2
101,0.9513888888888888,7,142,POTRA2
102,0.9236111111111112,9,142,POTRA2
103,0.8819444444444444,10,141,POTRA2
104,0.6875,9,140,POTRA2
105,0.8125,8,140,POTRA2
106,0.875,10,140,POTRA2
107,0.7777777777777778,9,140,POTRA2
108,0.7916666666666666,7,140,POTRA2
109,0.7777777777777778,10,140,POTRA2
110,0.9375,5,140,POTRA2
111,0.8958333333333334,9,140,POTRA2
112,0.7708333333333334,9,140,POTRA2
113,0.8958333333333334,8,140,POTRA2
114,0.9375,6,142,POTRA2
115,0.8055555555555556,10,142,POTRA2
116,0.875,10,142,POTRA2
117,0.8402777777777778,10,137,POTRA2
118,0.6597222222222222,8,137,POTRA2
119,0.75,7,137,POTRA2
120,0.8194444444444444,11,140,POTRA2
121,0.8263888888888888,12,140,POTRA2
122,0.9444444444444444,5,140,POTRA2
123,0.8472222222222222,8,140,POTRA2
124,0.4513888888888889,10,140,POTRA2
125,0.9236111111111112,5,140,POTRA2
126,0.8680555555555556,7,140,POTRA2
127,0.8819444444444444,10,140,POTRA2
128,0.8263888888888888,10,140,POTRA2
129,0.5833333333333334,10,140,POTRA2
130,0.7013888888888888,7,140,POTRA2
131,0.4861111111111111,10,140,POTRA2
132,0.4027777777777778,13,140,POTRA2
133,0.8472222222222222,10,140,POTRA2
134,0.8680555555555556,7,140,POTRA2
135,0.875,11,140,POTRA2
136,0.8611111111111112,9,140,POTRA2
137,0.9305555555555556,5,140,POTRA2
138,0.8541666666666666,9,140,POTRA2
139,0.8402777777777778,9,140,POTRA2
140,0.8680555555555556,10,140,POTRA2
141,0.9652777777777778,3,140,POTRA2
142,0.8402777777777778,11,140,POTRA2
143,0.8958333333333334,8,140,POTRA2
144,0.875,11,140,POTRA2
145,0.9722222222222222,2,140,POTRA2
146,0.875,6,140,POTRA2
147,0.9166666666666666,6,140,POTRA2
148,0.6180555555555556,9,140,POTRA2
149,0.8819444444444444,8,140,POTRA2
150,0.5555555555555556,10,140,POTRA2
151,0.9444444444444444,4,141,POTRA2
152,0.8402777777777778,10,141,POTRA2
153,0.8680555555555556,10,141,POTRA2
154,0.8472222222222222,10,141,POTRA2
155,0.8819444444444444,9,143,POTRA2
156,0.8819444444444444,9,139,POTRA2
157,0.8888888888888888,8,140,POTRA2
158,0.9097222222222222,7,139,POTRA2
159,0.9027777777777778,8,141,POTRA2
160,0.8888888888888888,8,142,POTRA2
161,0.9305555555555556,5,143,POTRA2
162,0.9097222222222222,9,142,POTRA2
163,0.8541666666666666,9,143,POTRA2
164,0.8888888888888888,11,143,POTRA2
165,0.8680555555555556,7,143,POTRA2
166,0.8611111111111112,11,143,POTRA2
167,0.7847222222222222,6,143,POTRA2
168,0.8611111111111112,9,143,POTRA2
169,0.8680555555555556,5,141,POTRA2
170,0.4236111111111111,13,142,POTRA2
171,0.9583333333333334,5,142,POTRA2
172,0.9236111111111112,6,141,POTRA2
173,0.7638888888888888,13,141,POTRA2
174,0.875,10,142,
175,0.9097222222222222,9,142,
176,0.6875,12,142,POTRA3
177,0.9097222222222222,5,144,POTRA3
178,0.8263888888888888,8,144,POTRA3
179,0.8680555555555556,9,144,POTRA3
180,0.9375,4,144,POTRA3
181,0.8680555555555556,11,144,POTRA3
182,0.7986111111111112,5,144,POTRA3
183,0.8194444444444444,8,144,POTRA3
184,1.0,1,144,POTRA3
185,0.9513888888888888,5,144,POTRA3
186,0.4444444444444444,11,144,POTRA3
187,0.7638888888888888,12,144,POTRA3
188,0.8680555555555556,6,144,POTRA3
189,0.6180555555555556,10,144,POTRA3
190,0.6736111111111112,10,144,POTRA3
191,0.4652777777777778,9,144,POTRA3
192,0.8194444444444444,9,144,POTRA3
193,0.9513888888888888,3,144,POTRA3
194,0.5486111111111112,10,144,POTRA3
195,0.6111111111111112,8,144,POTRA3
196,0.3263888888888889,13,144,POTRA3
197,0.8472222222222222,6,144,POTRA3
198,0.8333333333333334,10,144,POTRA3
199,0.9166666666666666,9,144,POTRA3
200,0.8541666666666666,6,144,POTRA3
201,0.8263888888888888,9,143,POTRA3
202,0.5694444444444444,12,143,POTRA3
203,0.8472222222222222,7,129,POTRA3
204,0.8472222222222222,9,135,POTRA3
205,0.9236111111111112,5,136,POTRA3
206,0.8888888888888888,8,136,POTRA3
207,0.8680555555555556,10,138,POTRA3
208,0.5486111111111112,8,138,POTRA3
209,0.5694444444444444,11,138,POTRA3
210,0.5972222222222222,11,138,POTRA3
211,0.8541666666666666,9,137,POTRA3
212,0.5833333333333334,11,140,POTRA3
213,0.9097222222222222,11,144,POTRA3
214,0.8888888888888888,5,144,POTRA3
215,0.8472222222222222,9,144,POTRA3
216,0.8888888888888888,10,144,POTRA3
217,0.8680555555555556,8,144,POTRA3
218,0.8333333333333334,10,144,POTRA3
219,0.8888888888888888,6,144,POTRA3
220,0.6944444444444444,13,144,POTRA3
221,0.8541666666666666,9,144,POTRA3
222,0.9652777777777778,3,144,POTRA3
223,0.875,7,144,POTRA3
224,0.9097222222222222,9,144,POTRA3
225,0.7638888888888888,12,144,POTRA3
226,0.9236111111111112,3,144,POTRA3
227,0.8888888888888888,9,140,POTRA3
228,0.8611111111111112,9,140,POTRA3
229,0.4861111111111111,8,140,POTRA3
230,0.9652777777777778,3,140,POTRA3
231,0.9097222222222222,8,144,POTRA3
232,0.8680555555555556,8,144,POTRA3
233,0.8680555555555556,9,144,POTRA3
234,1.0,1,144,POTRA3
235,0.9513888888888888,5,144,POTRA3
236,0.8611111111111112,6,142,POTRA3
237,0.8125,8,143,POTRA3
238,0.8888888888888888,7,144,POTRA3
239,0.7638888888888888,12,144,POTRA3
240,0.8958333333333334,9,144,POTRA3
241,0.7847222222222222,13,144,POTRA3
242,0.8958333333333334,9,144,POTRA3
243,0.8819444444444444,9,144,POTRA3
244,0.8611111111111112,10,143,POTRA3
245,0.9166666666666666,6,144,POTRA3
246,0.7152777777777778,11,143,POTRA3
247,0.8680555555555556,9,143,POTRA3
248,0.8333333333333334,9,141,POTRA3
249,0.8819444444444444,8,141,POTRA3
250,0.9097222222222222,7,141,POTRA3
251,0.8958333333333334,10,140,POTRA3
252,0.8958333333333334,8,140,POTRA3
253,0.7569444444444444,10,143,POTRA3
254,0.8194444444444444,9,144,POTRA3
255,0.875,12,144,POTRA3
256,0.7152777777777778,4,144,POTRA3
257,0.9097222222222222,9,144,POTRA3
258,0.4444444444444444,5,144,POTRA3
259,0.8472222222222222,11,144,POTRA3
260,0.6458333333333334,6,144,POTRA3
261,0.7361111111111112,14,143,POTRA3
262,0.9791666666666666,4,143,POTRA3
263,0.9652777777777778,4,143,POTRA3
264,0.6111111111111112,10,144,POTRA3
265,0.7916666666666666,8,144,
266,0.9305555555555556,5,142,
267,0.7638888888888888,12,142,POTRA4
268,0.5277777777777778,6,144,POTRA4
269,0.5902777777777778,11,144,POTRA4
270,0.75,9,144,POTRA4
271,0.8055555555555556,7,144,POTRA4
272,0.25,13,144,POTRA4
273,0.6527777777777778,4,144,POTRA4
274,0.3402777777777778,12,144,POTRA4
275,0.9583333333333334,7,144,POTRA4
276,0.7916666666666666,5,144,POTRA4
277,0.7222222222222222,9,144,POTRA4
278,0.8263888888888888,11,144,POTRA4
279,0.8541666666666666,12,144,POTRA4
280,0.6319444444444444,11,144,POTRA4
281,0.6111111111111112,13,144,POTRA4
282,0.625,10,144,POTRA4
283,0.8055555555555556,7,144,POTRA4
284,0.7777777777777778,5,144,POTRA4
285,0.6666666666666666,12,144,POTRA4
286,0.2361111111111111,13,144,POTRA4
287,0.9027777777777778,6,143,POTRA4
288,0.6944444444444444,10,143,POTRA4
289,0.6736111111111112,11,144,POTRA4
290,0.5972222222222222,11,144,POTRA4
291,0.5277777777777778,12,144,POTRA4
292,0.7986111111111112,13,144,POTRA4
293,0.9236111111111112,6,144,POTRA4
294,0.625,8,144,POTRA4
295,0.8194444444444444,10,144,POTRA4
296,0.9166666666666666,5,144,POTRA4
297,0.8611111111111112,6,144,POTRA4
298,0.8680555555555556,10,144,POTRA4
299,0.4583333333333333,7,144,POTRA4
300,0.6180555555555556,13,144,POTRA4
301,0.8402777777777778,6,144,POTRA4
302,0.8680555555555556,11,144,POTRA4
303,0.625,9,144,POTRA4
304,0.7708333333333334,9,144,POTRA4
305,0.8888888888888888,9,144,POTRA4
306,0.4652777777777778,11,144,POTRA4
307,0.5208333333333334,11,144,POTRA4
308,0.9236111111111112,3,144,POTRA4
309,0.9097222222222222,8,144,POTRA4
310,0.5277777777777778,12,144,POTRA4
311,0.7430555555555556,13,144,POTRA4
312,0.8888888888888888,6,144,POTRA4
313,0.9097222222222222,8,144,POTRA4
314,0.7847222222222222,10,144,POTRA4
315,0.75,12,144,POTRA4
316,1.0,1,144,POTRA4
317,0.9722222222222222,4,144,POTRA4
318,0.8958333333333334,11,143,POTRA4
319,0.8402777777777778,11,143,POTRA4
320,0.8680555555555556,6,143,POTRA4
321,0.7986111111111112,10,144,POTRA4
322,0.9513888888888888,3,144,POTRA4
323,0.4375,15,143,POTRA4
324,0.5902777777777778,11,143,POTRA4
325,0.7361111111111112,14,142,POTRA4
326,0.875,13,142,POTRA4
327,0.8333333333333334,11,142,POTRA4
328,0.8541666666666666,10,142,POTRA4
329,0.7986111111111112,7,143,POTRA4
330,0.8402777777777778,10,143,POTRA4
331,0.5625,11,144,POTRA4
332,0.7708333333333334,9,144,POTRA4
333,0.875,10,144,POTRA4
334,0.8541666666666666,10,144,POTRA4
335,0.9166666666666666,6,139,POTRA4
336,0.7430555555555556,15,140,POTRA4
337,0.9166666666666666,6,142,POTRA4
338,0.5486111111111112,12,144,POTRA4
339,0.6875,6,144,POTRA4
340,0.8055555555555556,11,144,POTRA4
341,0.8402777777777778,4,144,POTRA4
342,0.875,9,144,POTRA4
343,0.7638888888888888,9,144,POTRA4
344,0.9652777777777778,6,143,POTRA4
345,0.8055555555555556,10,143,POTRA4
346,0.9027777777777778,10,143,
347,0.625,8,143,
348,0.8819444444444444,10,143,POTRA5
349,0.9444444444444444,4,144,POTRA5
350,0.9166666666666666,8,144,POTRA5
351,0.5486111111111112,11,144,POTRA5
352,0.8194444444444444,5,144,POTRA5
353,0.8194444444444444,11,144,POTRA5
354,0.8958333333333334,6,144,POTRA5
355,0.5625,11,144,POTRA5
356,0.9861111111111112,3,144,POTRA5
357,0.9583333333333334,5,144,POTRA5
358,0.8263888888888888,11,144,POTRA5
359,0.6180555555555556,8,144,POTRA5
360,0.7986111111111112,2,144,POTRA5
361,0.8333333333333334,7,144,POTRA5
362,0.9722222222222222,4,144,POTRA5
363,0.5416666666666666,13,144,POTRA5
364,0.9513888888888888,4,144,POTRA5
365,0.9027777777777778,4,144,POTRA5
366,0.9583333333333334,5,144,POTRA5
367,0.9583333333333334,3,144,POTRA5
368,0.9861111111111112,3,144,POTRA5
369,0.9097222222222222,3,144,POTRA5
370,0.9305555555555556,7,144,POTRA5
371,0.9166666666666666,6,142,POTRA5
372,0.8611111111111112,8,144,POTRA5
373,0.9375,4,144,POTRA5
374,0.9722222222222222,5,144,POTRA5
375,0.7013888888888888,8,144,POTRA5
376,0.8958333333333334,8,144,POTRA5
377,0.8958333333333334,4,144,POTRA5
378,0.7916666666666666,9,144,POTRA5
379,0.6944444444444444,12,144,POTRA5
380,0.75,12,144,POTRA5
381,0.75,10,144,POTRA5
382,0.8888888888888888,6,144,POTRA5
383,0.4444444444444444,7,144,POTRA5
384,0.6805555555555556,13,144,POTRA5
385,0.8958333333333334,5,144,POTRA5
386,0.9097222222222222,8,144,POTRA5
387,0.7291666666666666,12,144,POTRA5
388,0.9444444444444444,6,144,POTRA5
389,0.9444444444444444,3,144,POTRA5
390,0.8333333333333334,10,144,POTRA5
391,0.9375,7,144,POTRA5
392,0.8194444444444444,3,144,POTRA5
393,0.9791666666666666,4,144,POTRA5
394,0.7569444444444444,5,144,POTRA5
395,0.9513888888888888,6,144,POTRA5
396,0.8402777777777778,7,144,POTRA5
397,0.7013888888888888,9,144,POTRA5
398,0.9652777777777778,6,143,POTRA5
399,0.7708333333333334,10,144,POTRA5
400,0.4861111111111111,11,144,POTRA5
401,0.5,8,144,POTRA5
402,0.875,9,142,POTRA5
403,0.6458333333333334,10,141,POTRA5
404,0.8402777777777778,8,140,POTRA5
405,0.8472222222222222,8,141,POTRA5
406,0.8402777777777778,10,143,POTRA5
407,0.8888888888888888,6,144,POTRA5
408,0.7152777777777778,11,144,POTRA5
409,0.7361111111111112,12,142,POTRA5
410,0.9097222222222222,9,142,POTRA5
411,0.8472222222222222,10,144,POTRA5
412,0.9444444444444444,6,144,POTRA5
413,0.9513888888888888,6,144,POTRA5
414,0.8333333333333334,5,144,POTRA5
415,0.75,9,144,POTRA5
416,0.8958333333333334,6,144,POTRA5
417,0.8472222222222222,12,144,POTRA5
418,0.9236111111111112,3,144,POTRA5
419,0.9236111111111112,9,144,POTRA5
420,1.0,1,144,POTRA5
421,0.8958333333333334,9,144,POTRA5
422,0.9027777777777778,8,144,POTRA5
423,0.9513888888888888,5,144,
424,0.9652777777777778,4,144,
425,0.7777777777777778,9,144,
426,0.5555555555555556,5,144,
427,0.9097222222222222,7,144,
428,0.875,7,144,
429,0.9444444444444444,3,144,
430,0.6041666666666666,6,144,
431,0.9236111111111112,4,144,
432,0.6527777777777778,4,144,
433,0.9305555555555556,5,144,
434,0.8958333333333334,6,144,
435,0.8680555555555556,11,144,
436,0.8888888888888888,8,144,
437,0.9722222222222222,3,144,
438,0.6597222222222222,8,144,
439,0.875,10,144,
440,0.8402777777777778,7,144,
441,0.8819444444444444,10,144,
442,0.4305555555555556,8,144,
443,0.8819444444444444,5,144,
444,0.7638888888888888,6,144,
445,0.7430555555555556,8,144,
446,0.9027777777777778,7,144,
447,0.8055555555555556,10,144,
448,1.0,1,144,
449,0.8333333333333334,7,144,BamA
450,0.9027777777777778,8,144,BamA
451,0.9930555555555556,2,144,BamA
452,0.8819444444444444,8,144,BamA
453,0.9722222222222222,3,144,BamA
454,0.4583333333333333,10,144,BamA
455,0.5625,13,144,BamA
456,0.8680555555555556,6,144,BamA
457,0.7916666666666666,6,144,BamA
458,0.7916666666666666,7,144,BamA
459,0.6319444444444444,10,144,BamA
460,0.6388888888888888,9,144,BamA
461,0.625,8,144,BamA
462,0.7986111111111112,12,144,BamA
463,0.9027777777777778,6,144,BamA
464,0.8680555555555556,10,144,BamA
465,0.9097222222222222,11,144,BamA
466,0.6458333333333334,9,144,BamA
467,0.8263888888888888,11,144,BamA
468,0.6805555555555556,9,144,BamA
469,0.4027777777777778,11,144,BamA
470,0.6875,10,142,BamA
471,0.7569444444444444,7,144,BamA
472,0.8402777777777778,10,144,BamA
473,0.4375,10,144,BamA
474,0.8819444444444444,10,144,BamA
475,0.5,9,144,BamA
476,0.9722222222222222,5,144,BamA
477,0.9027777777777778,5,144,BamA
478,0.9027777777777778,8,144,BamA
479,0.8819444444444444,8,144,BamA
480,0.7916666666666666,13,143,BamA
481,0.7847222222222222,6,143,BamA
482,0.9166666666666666,5,144,BamA
483,0.8958333333333334,7,144,BamA
484,0.9583333333333334,5,144,BamA
485,0.9444444444444444,7,143,BamA
486,0.9236111111111112,8,143,BamA
487,0.9097222222222222,11,144,BamA
488,0.7986111111111112,8,144,BamA
489,0.4236111111111111,7,144,BamA
490,0.9027777777777778,7,144,BamA
491,0.8819444444444444,9,144,BamA
492,0.8611111111111112,8,144,BamA
493,0.7361111111111112,13,144,BamA
494,0.8472222222222222,7,143,BamA
495,0.3125,12,143,BamA
496,0.875,10,143,BamA
497,0.5902777777777778,12,138,BamA
498,0.7847222222222222,11,142,BamA
499,0.8472222222222222,11,142,BamA
500,0.7638888888888888,11,142,BamA
501,0.8333333333333334,10,142,BamA
502,0.8263888888888888,13,142,BamA
503,0.5069444444444444,13,141,BamA
504,0.9513888888888888,7,143,BamA
505,0.8263888888888888,10,144,BamA
506,0.8333333333333334,12,144,BamA
507,0.6527777777777778,13,144,BamA
508,0.7083333333333334,8,144,BamA
509,0.9027777777777778,10,144,BamA
510,0.9861111111111112,3,144,BamA
511,0.3819444444444444,9,144,BamA
512,0.6111111111111112,7,144,BamA
513,0.4791666666666667,11,144,BamA
514,0.7638888888888888,10,144,BamA
515,0.8402777777777778,7,144,BamA
516,0.9027777777777778,7,144,BamA
517,0.8541666666666666,9,144,BamA
518,0.9305555555555556,8,144,BamA
519,0.4097222222222222,7,144,BamA
520,0.8194444444444444,9,144,BamA
521,0.9166666666666666,9,143,BamA
522,0.5208333333333334,8,144,BamA
523,0.8958333333333334,9,144,BamA
524,0.3958333333333333,11,144,BamA
525,0.7847222222222222,10,144,BamA
526,0.6458333333333334,13,144,BamA
527,0.3194444444444444,12,144,BamA
528,0.8125,6,143,BamA
529,0.7986111111111112,9,143,BamA
530,0.7708333333333334,9,144,BamA
531,0.9305555555555556,6,144,BamA
532,0.7013888888888888,12,144,BamA
533,0.8611111111111112,11,144,BamA
534,0.9027777777777778,10,144,BamA
535,0.3402777777777778,14,144,BamA
536,0.8402777777777778,9,144,BamA
537,0.8472222222222222,11,144,BamA
538,0.6944444444444444,13,144,BamA
539,0.7986111111111112,12,144,BamA
540,0.4027777777777778,13,144,BamA
541,0.8680555555555556,12,144,BamA
542,0.7986111111111112,11,144,BamA
543,0.5833333333333334,9,144,BamA
544,0.7291666666666666,11,144,BamA
545,0.8055555555555556,13,144,BamA
546,0.7083333333333334,14,144,BamA
547,0.7777777777777778,12,144,BamA
548,0.8819444444444444,6,134,BamA
549,0.8194444444444444,9,134,BamA
550,0.2986111111111111,12,134,BamA
551,0.7013888888888888,10,134,BamA
552,0.5069444444444444,13,135,BamA
553,0.8055555555555556,10,134,BamA
554,0.2916666666666667,15,134,BamA
555,0.24305555555555555,11,109,BamA
556,0.5208333333333334,10,111,BamA
557,0.22916666666666666,16,121,BamA
558,0.2777777777777778,18,128,BamA
559,0.2222222222222222,16,136,BamA
560,0.5694444444444444,13,143,BamA
561,0.2361111111111111,14,143,BamA
562,0.3055555555555556,10,144,BamA
563,0.2569444444444444,11,144,BamA
564,0.8055555555555556,11,28,BamA
565,0.7222222222222222,10,139,BamA
566,0.3194444444444444,13,144,BamA
567,0.5902777777777778,11,144,BamA
568,0.5347222222222222,11,143,BamA
569,0.9236111111111112,9,143,BamA
570,0.8194444444444444,7,143,BamA
571,0.6111111111111112,14,144,BamA
572,0.3958333333333333,11,144,BamA
573,0.5902777777777778,9,144,BamA
574,0.4513888888888889,10,144,BamA
575,0.8819444444444444,8,144,BamA
576,0.9236111111111112,5,144,BamA
577,0.625,9,143,BamA
578,0.8819444444444444,8,143,BamA
579,0.8958333333333334,6,144,BamA
580,0.3680555555555556,12,143,BamA
581,0.875,6,144,BamA
582,0.8541666666666666,2,144,BamA
583,0.875,7,144,BamA
584,0.875,10,144,BamA
585,0.4583333333333333,8,144,BamA
586,0.9097222222222222,9,144,BamA
587,0.9652777777777778,6,144,BamA
588,0.9444444444444444,5,144,BamA
589,0.3541666666666667,9,144,BamA
590,1.0,1,144,BamA
591,0.3194444444444444,13,143,BamA
592,0.6180555555555556,11,144,BamA
593,0.3611111111111111,11,144,BamA
594,0.5069444444444444,9,144,BamA
595,0.7916666666666666,8,144,BamA
596,0.5347222222222222,9,144,BamA
597,0.6458333333333334,12,144,BamA
598,0.8333333333333334,11,144,BamA
599,0.7708333333333334,8,141,BamA
600,0.8611111111111112,6,141,BamA
601,0.5763888888888888,9,144,BamA
602,0.9027777777777778,6,144,BamA
603,0.9375,9,144,BamA
604,0.9027777777777778,7,144,BamA
605,0.8541666666666666,9,144,BamA
606,0.875,10,144,BamA
607,0.5694444444444444,11,144,BamA
608,0.5138888888888888,6,144,BamA
609,0.8888888888888888,11,144,BamA
610,0.9166666666666666,9,144,BamA
611,0.4305555555555556,10,144,BamA
612,0.7708333333333334,10,143,BamA
613,0.4930555555555556,13,143,BamA
614,0.7291666666666666,9,143,BamA
615,0.5347222222222222,13,143,BamA
616,0.5625,10,143,BamA
617,0.3125,15,143,BamA
618,0.9305555555555556,4,144,BamA
619,0.3472222222222222,10,141,BamA
620,0.9305555555555556,6,141,BamA
621,0.5347222222222222,7,140,BamA
622,0.5972222222222222,11,139,BamA
623,0.4930555555555556,10,139,BamA
624,0.6458333333333334,12,141,BamA
625,0.5972222222222222,13,143,BamA
626,0.3402777777777778,14,142,BamA
627,0.875,6,141,BamA
628,0.8680555555555556,10,143,BamA
629,0.4236111111111111,12,143,BamA
630,0.5972222222222222,9,142,BamA
631,0.7986111111111112,11,143,BamA
632,0.8611111111111112,8,142,BamA
633,0.5902777777777778,11,142,BamA
634,0.7291666666666666,12,143,BamA
635,0.2986111111111111,10,144,BamA
636,0.9305555555555556,8,144,BamA
637,0.8611111111111112,8,144,BamA
638,0.7222222222222222,8,144,BamA
639,0.6319444444444444,12,144,BamA
640,0.9513888888888888,6,144,BamA
641,0.4861111111111111,8,144,BamA
642,0.7777777777777778,12,141,BamA
643,0.7569444444444444,10,141,BamA
644,0.8611111111111112,11,141,BamA
645,0.7777777777777778,10,140,BamA
646,0.5416666666666666,8,144,BamA
647,0.9861111111111112,2,144,BamA
648,0.9027777777777778,7,144,BamA
649,0.9236111111111112,8,144,BamA
650,0.7847222222222222,7,144,BamA
651,0.875,9,144,BamA
652,0.9166666666666666,6,144,BamA
653,0.875,10,144,BamA
654,0.8888888888888888,7,144,BamA
655,0.9791666666666666,3,143,BamA
656,0.9861111111111112,3,143,BamA
657,0.8125,12,143,BamA
658,0.7222222222222222,8,143,BamA
659,0.6458333333333334,5,143,BamA
660,0.8472222222222222,5,143,BamA
661,1.0,1,144,BamA
662,0.9930555555555556,2,144,BamA
663,0.9236111111111112,5,144,BamA
664,0.5069444444444444,11,144,BamA
665,0.8541666666666666,9,144,BamA
666,0.8888888888888888,5,143,BamA
667,0.4652777777777778,14,143,BamA
668,0.8680555555555556,6,144,BamA
669,0.9513888888888888,7,144,BamA
670,0.9444444444444444,3,137,BamA
671,0.8888888888888888,7,137,BamA
672,0.8888888888888888,6,134,BamA
673,0.5972222222222222,5,131,BamA
674,0.8958333333333334,4,131,BamA
675,0.3402777777777778,10,130,BamA
676,0.19444444444444445,13,129,BamA
677,0.25,15,108,BamA
678,0.7152777777777778,11,41,BamA
679,0.6944444444444444,9,44,BamA
680,0.6944444444444444,11,44,BamA
681,0.7361111111111112,8,38,BamA
682,0.7361111111111112,8,38,BamA
683,0.7430555555555556,8,37,BamA
684,0.6597222222222222,14,49,BamA
685,0.3819444444444444,11,89,BamA
686,0.375,11,90,BamA
687,0.3680555555555556,13,91,BamA
688,0.3680555555555556,14,91,BamA
689,0.3680555555555556,12,91,BamA
690,0.5972222222222222,6,91,BamA
691,0.6180555555555556,9,55,BamA
692,0.5208333333333334,14,69,BamA
693,0.5,14,72,BamA
694,0.2916666666666667,13,102,BamA
695,0.18055555555555555,13,119,BamA
696,0.3055555555555556,17,100,BamA
697,0.2986111111111111,16,101,BamA
698,0.3958333333333333,18,87,BamA
699,0.4791666666666667,16,75,BamA
700,0.4652777777777778,16,137,BamA
701,0.2569444444444444,14,137,BamA
702,0.7847222222222222,11,137,BamA
703,0.4791666666666667,12,138,BamA
704,0.9097222222222222,7,138,BamA
705,0.8472222222222222,10,138,BamA
706,0.8194444444444444,9,138,BamA
707,0.9513888888888888,4,140,BamA
708,0.9722222222222222,2,144,BamA
709,0.9027777777777778,8,144,BamA
710,0.875,9,144,BamA
711,0.7013888888888888,12,144,BamA
712,0.7569444444444444,8,144,BamA
713,0.7777777777777778,9,144,BamA
714,0.8333333333333334,8,144,BamA
715,0.9027777777777778,4,144,BamA
716,0.4166666666666667,9,144,BamA
717,0.9722222222222222,3,144,BamA
718,0.7013888888888888,6,144,BamA
719,0.8888888888888888,8,144,BamA
720,0.6875,8,144,BamA
721,0.9652777777777778,4,144,BamA
722,0.8888888888888888,6,144,BamA
723,0.9097222222222222,4,133,BamA
724,0.8888888888888888,6,134,BamA
725,0.4513888888888889,7,134,BamA
726,0.6388888888888888,8,135,BamA
727,0.4236111111111111,8,134,BamA
728,0.8402777777777778,7,135,BamA
729,0.8472222222222222,11,138,BamA
730,0.6597222222222222,14,144,BamA
731,0.8194444444444444,11,143,BamA
732,0.8194444444444444,12,143,BamA
733,0.7152777777777778,7,143,BamA
734,0.9305555555555556,4,144,BamA
735,0.8819444444444444,7,144,BamA
736,0.9097222222222222,7,144,BamA
737,0.4097222222222222,7,144,BamA
738,1.0,1,144,BamA
739,0.4236111111111111,10,144,BamA
740,1.0,1,144,BamA
741,0.5694444444444444,11,144,BamA
742,0.9375,2,144,BamA
743,0.8402777777777778,9,143,BamA
744,0.9027777777777778,10,143,BamA
745,0.9444444444444444,9,143,BamA
746,0.8541666666666666,9,136,BamA
747,0.8888888888888888,8,136,BamA
748,0.6527777777777778,13,137,BamA
749,0.8611111111111112,9,137,BamA
750,0.3611111111111111,13,137,BamA
751,0.4444444444444444,12,137,BamA
752,0.2638888888888889,16,122,BamA
753,0.2013888888888889,18,137,BamA
754,0.3125,17,139,BamA
755,0.4652777777777778,15,138,BamA
756,0.7916666666666666,8,136,BamA
757,0.3125,11,134,BamA
758,0.875,8,132,BamA
759,0.9027777777777778,9,144,BamA
760,0.8888888888888888,10,144,BamA
761,0.7708333333333334,9,144,BamA
762,0.5208333333333334,11,144,BamA
763,0.7847222222222222,10,144,BamA
764,0.4444444444444444,11,144,BamA
765,0.8263888888888888,10,144,BamA
766,0.7638888888888888,9,142,BamA
767,0.9444444444444444,5,144,BamA
768,0.4583333333333333,11,144,BamA
769,0.9513888888888888,3,144,BamA
770,0.6736111111111112,8,144,BamA
771,1.0,1,144,BamA
772,0.6597222222222222,7,144,BamA
773,0.8472222222222222,5,144,BamA
774,0.8125,4,144,BamA
775,0.9027777777777778,6,144,BamA
776,0.9236111111111112,6,144,BamA
777,0.6736111111111112,7,144,BamA
778,0.9375,4,144,BamA
779,0.9791666666666666,4,144,BamA
780,0.8541666666666666,7,144,BamA
781,0.9583333333333334,5,144,BamA
782,0.9722222222222222,4,144,BamA
783,0.9444444444444444,4,144,BamA
784,0.7638888888888888,8,144,BamA
785,0.9375,5,144,BamA
786,0.9166666666666666,6,144,BamA
787,0.9097222222222222,5,144,BamA
788,0.9444444444444444,3,144,BamA
789,0.6180555555555556,10,144,BamA
790,0.9444444444444444,8,142,BamA
791,0.4375,9,142,BamA
792,0.9166666666666666,9,141,BamA
793,0.6666666666666666,13,142,BamA
794,0.8541666666666666,12,142,BamA
795,0.4583333333333333,11,141,BamA
796,0.8958333333333334,9,143,BamA
797,0.9722222222222222,4,142,BamA
798,0.6388888888888888,14,143,BamA
799,0.4513888888888889,10,143,BamA
800,0.9027777777777778,10,143,BamA
801,0.8541666666666666,10,144,BamA
802,0.9444444444444444,5,144,BamA
803,0.8819444444444444,9,144,BamA
804,0.9791666666666666,4,144,BamA
805,0.8333333333333334,9,144,BamA
806,0.9375,4,144,BamA
807,0.9930555555555556,2,144,BamA
808,0.6458333333333334,12,144,BamA
809,0.7986111111111112,10,144,BamA
810,0.8402777777777778,3,143,BamA
