GENE,Mean Prop,Med Prop,TrimmedLen
aaeA,0.9832,1.0,310
aaeB,0.9762,1.0,655
aaeR,0.9916,1.0,309
aaeX,0.997,1.0,67
aas,0.9794,1.0,719
aat,0.9692,1.0,234
abrB,0.9506,1.0,348
accA,0.9956,1.0,319
accB,0.9949,1.0,156
accC,0.9969,1.0,449
accD,0.9961,1.0,304
aceA,0.9972,1.0,434
aceB,0.9797,1.0,533
aceE,0.9973,1.0,887
aceF,0.994,1.0,630
aceK,0.9855,1.0,578
ackA,0.996,1.0,400
acnA,0.9715,1.0,891
acnB,0.9965,1.0,865
acpH,0.9782,1.0,193
acpP,1.0,1.0,78
acpS,0.9825,1.0,126
acpT,0.9385,1.0,195
acrA,0.9839,1.0,397
acrD,0.9774,1.0,1037
acrE,0.8032,0.8,1049
acrF,0.9737,1.0,1034
acrR,0.9637,1.0,215
acs,0.9917,1.0,652
actP,0.9949,1.0,549
ada,0.961,1.0,354
add,0.9652,1.0,333
adeD,0.9735,1.0,588
adeP,0.9888,1.0,445
adhE,0.9935,1.0,891
adhP,0.9929,1.0,336
adiY,0.9383,1.0,253
adk,0.9972,1.0,214
aegA,0.9608,1.0,659
aes,0.9404,1.0,319
agaB,0.981,1.0,158
agaC,0.988,1.0,267
agaD,0.9924,1.0,263
agaR,0.9911,1.0,269
agaV,0.986,1.0,157
agp,0.9816,1.0,413
ahpC,0.9957,1.0,187
ahpF,0.995,1.0,521
ais,0.877,1.0,200
alaA,0.9941,1.0,405
alaC,0.9927,1.0,412
alaE,0.9423,1.0,149
alaS,0.9957,1.0,876
aldB,0.9941,1.0,512
alkA,0.9355,1.0,282
alkB,0.9528,1.0,216
alr,0.9699,1.0,359
alx,0.9869,1.0,321
amiA,0.9917,1.0,289
amiB,0.9843,1.0,445
amiC,0.9909,1.0,417
amiD,0.9754,1.0,276
amn,0.9748,1.0,484
ampC,0.9544,1.0,377
ampD,0.9639,1.0,183
ampE,0.9521,1.0,284
ampG,0.965,1.0,491
ampH,0.9725,1.0,385
amtB,0.9967,1.0,428
amyA,0.9806,1.0,495
anmK,0.9593,1.0,369
ansA,0.984,1.0,338
ansB,0.9948,1.0,348
ansP,0.9864,1.0,499
apaG,0.984,1.0,125
apaH,0.9793,1.0,280
aphA,0.9781,1.0,237
appB,0.9444,1.0,378
appC,0.9716,1.0,514
apt,0.9869,1.0,183
aqpZ,0.9913,1.0,231
araA,0.8897,0.8,1070
araB,0.8959,0.8,1070
araC,0.9623,1.0,292
araD,0.9403,1.0,231
araF,0.9866,1.0,329
araG,0.9694,1.0,504
araH,0.9884,1.0,328
arcA,0.8412,0.8,238
arcB,0.9779,1.0,778
arfB,0.9671,1.0,140
argA,0.9892,1.0,443
argB,0.993,1.0,258
argC,0.9802,1.0,334
argD,0.9847,1.0,406
argE,0.9828,1.0,383
argF,0.9521,1.0,334
argG,0.9951,1.0,447
argH,0.9899,1.0,457
argO,0.963,1.0,211
argP,0.9919,1.0,297
argR,0.9885,1.0,156
argS,0.992,1.0,577
argT,0.9838,1.0,260
arnA,0.9533,1.0,660
arnB,0.9371,1.0,385
arnC,0.9714,1.0,322
arnD,0.9277,1.0,296
arnE,0.9423,1.0,111
arnF,0.9109,1.0,128
arnT,0.8974,1.0,661
aroA,0.9705,1.0,427
aroB,0.9785,1.0,362
aroC,0.9922,1.0,361
aroD,0.8913,1.0,252
aroE,0.9757,1.0,272
aroF,0.9803,1.0,356
aroG,0.9114,1.0,350
aroH,0.9753,1.0,348
aroK,0.9942,1.0,173
aroL,0.9264,1.0,174
aroP,0.9904,1.0,457
arsC,0.7206,0.6,141
artJ,0.7909,0.8,243
artM,0.9964,1.0,222
artP,0.9967,1.0,242
artQ,0.9958,1.0,238
asd,0.8223,0.8,367
aslA,0.9848,1.0,551
aslB,0.9689,1.0,411
asmA,0.9546,1.0,617
asnA,0.9891,1.0,330
asnB,0.8542,0.8,554
asnC,0.9974,1.0,152
asnS,0.9974,1.0,466
aspA,0.9933,1.0,478
aspC,0.8348,0.8,396
aspS,0.8574,0.8,136
asr,0.8608,0.8,102
astA,0.9831,1.0,344
astB,0.9602,1.0,447
astC,0.9759,1.0,406
astD,0.9663,1.0,492
astE,0.9398,1.0,322
atoA,0.9778,1.0,216
atoB,0.9832,1.0,394
atoC,0.9679,1.0,461
atoD,0.84,0.8,220
atoS,0.9513,1.0,608
atpA,1.0,1.0,513
atpB,0.9941,1.0,271
atpC,0.9986,1.0,139
atpD,1.0,1.0,460
atpE,1.0,1.0,79
atpF,0.9962,1.0,156
atpG,0.9993,1.0,287
atpH,0.9921,1.0,177
atpI,0.9857,1.0,126
avtA,0.9871,1.0,417
azoR,0.9781,1.0,201
bacA,0.9934,1.0,273
baeR,0.9917,1.0,240
baeS,0.9829,1.0,467
bamA,0.9815,1.0,810
bamB,0.9791,1.0,392
bamC,0.9773,1.0,344
bamD,0.8335,0.8,245
bamE,1.0,1.0,113
barA,0.9845,1.0,918
basR,0.9802,1.0,222
bax,0.9737,1.0,274
bcp,0.9846,1.0,156
bcr,0.8525,0.8,396
bcsA,0.8642,0.8,872
bcsB,0.8779,0.8,1102
bcsC,0.8076,0.8,368
bcsE,0.953,1.0,523
bcsG,0.981,1.0,559
bcsQ,0.9304,1.0,250
bcsZ,0.9783,1.0,368
bepA,0.986,1.0,487
bfd,0.9656,1.0,64
bfr,0.9646,1.0,158
bglA,0.9929,1.0,479
bglJ,0.9049,1.0,225
bglX,0.994,1.0,765
bioA,0.9786,1.0,429
bioB,0.9971,1.0,346
bioC,0.9195,1.0,251
bioD,0.7769,0.8,225
bioF,0.9583,1.0,384
bioH,0.9711,1.0,256
bioP,0.9873,1.0,299
bipA,0.9951,1.0,607
birA,0.9882,1.0,321
bisC,0.9673,1.0,777
blc,0.9876,1.0,177
bolA,0.981,1.0,105
brnQ,0.9913,1.0,439
bsmA,0.9523,1.0,109
bssR,0.9339,1.0,127
bssS,0.9786,1.0,84
btsS,0.9825,1.0,561
btsT,0.9961,1.0,716
btuB,0.9577,1.0,614
btuC,0.962,1.0,326
btuD,0.9349,1.0,249
btuF,0.9421,1.0,266
caiA,0.9979,1.0,380
caiB,0.9936,1.0,405
caiC,0.9845,1.0,517
caiD,0.9916,1.0,261
caiE,0.9755,1.0,196
caiF,0.971,1.0,131
caiT,0.9901,1.0,504
can,0.9964,1.0,220
carA,0.9953,1.0,382
carB,0.9972,1.0,1073
cas1,0.6872,0.6,305
cbl,0.8354,0.8,316
cbpA,0.9804,1.0,306
cbpM,0.8607,0.8,257
cbrA,0.9718,1.0,354
cca,0.985,1.0,412
ccmA,0.9758,1.0,207
ccmB,0.9982,1.0,220
ccmC,0.9967,1.0,245
ccmD,0.9913,1.0,69
ccmE,0.9962,1.0,159
ccmF,0.9926,1.0,647
ccmH,0.8154,0.8,350
cdaR,0.9782,1.0,385
cdd,0.9891,1.0,294
cdh,0.9426,1.0,251
cdsA,0.9502,1.0,285
cecR,0.983,1.0,223
cedA,0.9425,1.0,80
cfa,0.9775,1.0,382
chaA,0.9842,1.0,366
chaC,0.968,1.0,231
chbA,0.9724,1.0,116
chbB,0.9906,1.0,106
chbC,0.9836,1.0,452
chbF,0.9756,1.0,450
chbG,0.9462,1.0,249
chbR,0.9686,1.0,280
chiP,0.9949,1.0,468
cirA,0.9825,1.0,663
citC,0.8756,0.8,352
citD,0.8837,0.8,98
citE,0.9166,1.0,302
citF,0.9314,1.0,510
citG,0.8719,0.8,292
citX,0.8557,0.8,183
clcA,0.9835,1.0,473
clcB,0.9201,1.0,418
clpA,0.9923,1.0,758
clpB,0.9988,1.0,857
clpP,0.999,1.0,207
clpS,0.9868,1.0,106
clpX,0.9972,1.0,424
clsA,0.9881,1.0,486
clsC,0.9374,1.0,473
cmk,0.993,1.0,227
cmoA,0.9927,1.0,247
cmoB,0.9938,1.0,323
cmoM,0.9801,1.0,261
cmtA,0.987,1.0,462
cmtB,0.9374,1.0,147
cnoX,0.9944,1.0,284
coaA,0.9886,1.0,316
coaD,0.9887,1.0,159
coaE,0.9534,1.0,206
cobB,0.9792,1.0,279
cof,0.9566,1.0,272
copA,0.9847,1.0,834
corA,0.9962,1.0,316
cpdA,0.9811,1.0,275
cpdB,0.9842,1.0,647
cpoB,0.965,1.0,263
cpsG,0.9724,1.0,456
cpxA,0.9969,1.0,457
cpxP,0.9759,1.0,166
cpxR,0.9931,1.0,232
cra,0.997,1.0,334
crcB,0.9843,1.0,127
creA,0.9783,1.0,157
creB,0.9555,1.0,229
creC,0.9418,1.0,474
creD,0.9271,1.0,450
crl,0.9729,1.0,133
crp,1.0,1.0,210
crr,0.9988,1.0,169
csdA,0.8207,0.8,629
csdE,0.9673,1.0,147
csgA,0.9629,1.0,151
csgB,0.9457,1.0,151
csgC,0.94,1.0,110
csgD,0.9769,1.0,216
csgE,0.9659,1.0,129
csgF,0.971,1.0,138
csgG,0.9892,1.0,277
csiE,0.8873,1.0,426
cspA,1.0,1.0,70
cspB,0.9887,1.0,71
cspD,0.9811,1.0,74
cspE,0.9304,1.0,69
csrA,1.0,1.0,61
csrD,0.9613,1.0,646
cstA,0.9963,1.0,701
cueO,0.9833,1.0,516
cueR,0.9852,1.0,135
cusA,0.9918,1.0,1047
cusB,0.9823,1.0,407
cusC,0.9825,1.0,457
cusF,0.8891,0.8,110
cusR,0.9956,1.0,227
cusS,0.9733,1.0,480
cutA,0.9375,1.0,112
cutC,0.6261,0.6,1128
cvpA,0.9938,1.0,162
cvrA,0.9785,1.0,578
cyaA,0.9903,1.0,848
cyaY,0.9925,1.0,106
cybB,0.9386,1.0,176
cybC,0.9781,1.0,128
cycA,0.9855,1.0,470
cydA,0.9985,1.0,522
cydB,0.9958,1.0,379
cydC,0.9773,1.0,573
cydD,0.9881,1.0,588
cyoA,0.9937,1.0,315
cyoB,0.9973,1.0,663
cyoC,0.9941,1.0,204
cyoD,0.9761,1.0,109
cyoE,0.9939,1.0,296
cysA,0.9858,1.0,365
cysB,0.9895,1.0,324
cysC,0.9871,1.0,201
cysD,0.9974,1.0,302
cysE,0.9941,1.0,273
cysG,0.9917,1.0,457
cysH,0.9828,1.0,244
cysI,0.9902,1.0,570
cysJ,0.9753,1.0,599
cysK,0.9975,1.0,323
cysM,0.9914,1.0,303
cysN,0.9781,1.0,475
cysP,0.9923,1.0,338
cysQ,0.9764,1.0,246
cysS,0.9978,1.0,461
cysT,0.9921,1.0,277
cysW,0.846,0.8,291
cysZ,0.9644,1.0,253
cytR,0.8147,0.8,341
dacA,0.9851,1.0,403
dacB,0.9904,1.0,477
dacC,0.984,1.0,400
dadA,0.9792,1.0,432
dadX,0.9596,1.0,356
damX,0.9449,1.0,428
dam,0.977,1.0,278
dapA,0.974,1.0,292
dapB,0.9729,1.0,273
dapD,0.9934,1.0,274
dapE,0.9861,1.0,375
dapF,0.9971,1.0,274
dauA,0.9832,1.0,559
dbpA,0.965,1.0,457
dcd,0.9959,1.0,193
dcp,0.9292,1.0,681
dcrB,0.9632,1.0,185
dctA,0.9958,1.0,428
dctR,0.8841,1.0,176
dcuA,0.9912,1.0,433
dcuB,0.9901,1.0,446
dcuC,0.9783,1.0,461
dcuR,0.964,1.0,239
dcuS,0.9444,1.0,543
dcyD,0.9707,1.0,328
ddlA,0.9731,1.0,364
ddlB,0.9686,1.0,306
deaD,0.9959,1.0,629
decR,0.9908,1.0,152
dedD,0.9818,1.0,220
def,1.0,1.0,169
degP,0.9895,1.0,474
degQ,0.9719,1.0,455
degS,0.9792,1.0,355
deoA,0.9964,1.0,440
deoB,0.9995,1.0,407
deoC,0.9977,1.0,259
deoD,0.9916,1.0,239
deoR,0.954,1.0,252
der,0.9935,1.0,490
dgcC,0.9515,1.0,371
dgkA,0.9721,1.0,122
dgt,0.9806,1.0,505
diaA,0.999,1.0,196
dinB,0.9926,1.0,351
dinF,0.9734,1.0,459
dinG,0.9941,1.0,716
dinI,0.9556,1.0,81
djlA,0.9897,1.0,271
dkgA,0.9731,1.0,275
dkgB,0.9753,1.0,267
dksA,1.0,1.0,151
dld,0.9891,1.0,571
dmsA,0.8966,1.0,814
dmsB,0.8537,1.0,205
dmsD,0.8157,0.8,204
dnaA,0.9884,1.0,467
dnaB,0.997,1.0,471
dnaC,0.9829,1.0,245
dnaE,0.9974,1.0,1160
dnaG,0.9955,1.0,581
dnaJ,0.9979,1.0,376
dnaK,1.0,1.0,638
dnaN,0.9984,1.0,366
dnaQ,0.9951,1.0,243
dnaT,0.9475,1.0,179
dnaX,0.9872,1.0,643
dosP,0.9404,1.0,799
dppA,0.997,1.0,535
dppB,0.9953,1.0,339
dppC,0.9933,1.0,300
dppD,0.9933,1.0,327
dppF,0.9922,1.0,334
dps,0.9952,1.0,167
drpB,0.906,1.0,100
dsbA,0.7423,0.8,208
dsbB,0.9727,1.0,176
dsbC,0.9712,1.0,236
dsbD,0.9678,1.0,565
dsbG,0.9315,1.0,248
dsrB,0.9871,1.0,62
dtd,0.9972,1.0,145
dtpA,0.9808,1.0,500
dtpB,0.9701,1.0,489
dtpD,0.985,1.0,493
dusA,0.967,1.0,345
dusB,1.0,1.0,321
dusC,0.974,1.0,315
dut,0.9947,1.0,152
dxr,0.9814,1.0,398
dxs,0.9948,1.0,620
eamA,0.9478,1.0,299
eco,0.9864,1.0,162
eda,0.9953,1.0,213
edd,0.9425,1.0,783
efeB,0.9806,1.0,423
efeO,0.9877,1.0,375
efp,0.9989,1.0,188
elaB,0.9802,1.0,101
elbB,0.9576,1.0,217
elyC,0.9707,1.0,259
emrA,0.9938,1.0,390
emrB,0.9949,1.0,512
emrD,0.9746,1.0,394
emtA,0.9773,1.0,203
endA,0.9677,1.0,235
eno,1.0,1.0,432
entA,0.9855,1.0,248
entB,0.9916,1.0,285
entC,0.9872,1.0,391
entD,0.8864,1.0,206
entE,0.9858,1.0,536
entF,0.9655,1.0,1293
entH,0.9912,1.0,137
entS,0.9889,1.0,416
envC,0.99,1.0,419
envZ,0.9933,1.0,450
epd,0.9917,1.0,339
epmA,0.9846,1.0,325
epmB,0.9836,1.0,342
epmC,0.9824,1.0,182
eptA,0.9547,1.0,547
eptB,0.946,1.0,563
era,0.9967,1.0,301
erpA,0.9982,1.0,114
essD,0.9972,1.0,71
ettA,0.9968,1.0,555
eutA,0.9859,1.0,467
eutB,0.9978,1.0,453
eutC,0.979,1.0,295
eutG,0.9747,1.0,395
eutH,0.9848,1.0,408
eutJ,0.9784,1.0,278
eutK,0.9554,1.0,166
eutL,0.99,1.0,219
eutM,0.9938,1.0,97
eutN,0.9916,1.0,95
eutP,0.966,1.0,159
eutQ,0.9742,1.0,233
eutR,0.9794,1.0,350
eutS,0.9964,1.0,111
eutT,0.9745,1.0,267
exbB,0.982,1.0,244
exbD,0.8482,0.8,141
exoX,0.9764,1.0,220
exuR,0.976,1.0,258
exuT,0.9926,1.0,432
fabA,0.9953,1.0,172
fabB,0.997,1.0,406
fabD,0.9903,1.0,309
fabF,0.9893,1.0,413
fabG,0.9844,1.0,244
fabH,0.9874,1.0,317
fabI,0.9969,1.0,262
fabR,0.9641,1.0,234
fabY,0.9878,1.0,329
fabZ,1.0,1.0,151
fadA,0.9912,1.0,387
fadB,0.9918,1.0,729
fadD,0.9925,1.0,561
fadE,0.9934,1.0,814
fadH,0.9744,1.0,672
fadI,0.83,0.8,233
fadJ,0.9409,1.0,714
fadL,0.9009,1.0,446
fadM,0.9879,1.0,132
fadR,0.99,1.0,239
fbaA,0.9967,1.0,359
fbaB,0.9971,1.0,350
fbp,0.9946,1.0,332
fcl,0.9414,1.0,321
fdhD,0.9776,1.0,277
fdhE,0.9942,1.0,309
fdhF,0.953,1.0,715
fdnG,0.8723,1.0,1015
fdnH,0.9952,1.0,294
fdnI,0.9945,1.0,217
fdoH,0.996,1.0,300
fdoI,0.9962,1.0,211
fdrA,0.8613,0.8,555
fdx,0.9946,1.0,111
feoA,0.9947,1.0,75
feoB,0.9904,1.0,773
feoC,0.9897,1.0,78
fepA,0.9922,1.0,746
fepB,0.9818,1.0,318
fepC,0.9852,1.0,271
fepD,0.9946,1.0,334
fepE,0.9093,1.0,377
fepG,0.9842,1.0,330
fes,0.952,1.0,400
fetA,0.9627,1.0,225
fetB,0.9923,1.0,259
ffh,0.9987,1.0,453
fhuA,0.7989,0.8,747
fhuB,0.9861,1.0,660
fhuC,0.8574,0.8,265
fhuD,0.8291,0.8,296
fhuF,0.9527,1.0,262
fic,0.971,1.0,200
fieF,0.98,1.0,300
fis,1.0,1.0,98
fixA,0.9867,1.0,256
fixB,0.9815,1.0,313
fixC,0.993,1.0,428
fixX,0.9175,1.0,97
fklB,0.9961,1.0,206
fkpA,0.9689,1.0,270
fkpB,0.9946,1.0,149
fldA,0.9955,1.0,176
fldB,0.9958,1.0,144
flgA,0.8758,1.0,219
flgB,0.9536,1.0,138
flgC,0.8806,0.8,134
flgD,0.8143,0.8,237
flgE,0.745,0.6,400
flgG,0.9977,1.0,260
flgH,0.856,0.8,232
flgI,0.9764,1.0,365
flgJ,0.9655,1.0,313
flgK,0.8102,0.8,547
flgL,0.6744,0.6,309
flgM,0.8969,1.0,97
flgN,0.8986,1.0,138
flhA,0.8171,0.8,692
flhB,0.8435,0.8,382
flhC,0.974,1.0,192
flhD,0.9483,1.0,116
flhE,0.9231,1.0,130
fliA,0.9665,1.0,239
fliD,0.7188,0.8,468
fliE,0.8365,0.8,104
fliF,0.8442,0.8,552
fliG,0.9903,1.0,331
fliH,0.95,1.0,228
fliI,0.8875,0.8,457
fliJ,0.9619,1.0,147
fliK,0.8021,0.8,375
fliL,0.7965,0.8,457
fliM,0.9772,1.0,334
fliN,0.9723,1.0,137
fliO,0.886,1.0,121
fliP,0.8767,0.8,245
fliQ,0.8695,0.8,233
fliR,0.812,0.8,233
fliS,0.6708,0.6,130
fliT,0.805,0.8,121
fliZ,0.8776,1.0,183
flk,0.8683,1.0,331
fmt,0.9911,1.0,315
fnr,0.9976,1.0,250
focA,0.9888,1.0,285
folA,0.9899,1.0,159
folB,0.9902,1.0,122
folC,0.9801,1.0,422
folD,0.9931,1.0,288
folE,0.9991,1.0,222
folK,0.9233,1.0,159
folM,0.965,1.0,240
folP,0.9943,1.0,282
folX,0.9933,1.0,120
fpr,0.9831,1.0,248
frdA,0.9947,1.0,602
frdB,1.0,1.0,244
frdC,0.9969,1.0,131
frdD,0.9866,1.0,119
fre,0.9768,1.0,233
frmA,0.9545,1.0,369
frr,0.9968,1.0,185
frsA,0.9816,1.0,414
fruA,0.9812,1.0,563
fruB,0.967,1.0,376
fruK,0.9942,1.0,312
fsr,0.9645,1.0,406
ftnA,0.9867,1.0,165
ftsA,0.9971,1.0,420
ftsB,0.9903,1.0,103
ftsE,0.9973,1.0,222
ftsH,0.9944,1.0,644
ftsI,0.9983,1.0,588
ftsL,0.9983,1.0,121
ftsN,0.9386,1.0,319
ftsP,0.9813,1.0,470
ftsQ,0.992,1.0,276
ftsW,0.9908,1.0,414
ftsX,0.9966,1.0,352
ftsY,0.9694,1.0,497
ftsZ,0.9974,1.0,383
fucO,0.767,0.6,382
fumB,0.9577,1.0,548
fumC,0.9816,1.0,467
fumD,0.9623,1.0,69
fumE,0.974,1.0,169
fur,0.9959,1.0,148
fusA,1.0,1.0,704
fxsA,0.9772,1.0,158
gabD,0.9934,1.0,482
gabP,0.9893,1.0,466
gabT,0.9901,1.0,426
gadC,0.9859,1.0,511
gadE,0.9337,1.0,175
gadW,0.7388,0.8,242
galE,0.9047,1.0,338
galF,0.9219,1.0,297
galK,0.9895,1.0,382
galM,0.9902,1.0,346
galP,0.9961,1.0,464
galR,0.9749,1.0,343
galS,0.9688,1.0,346
galT,0.9925,1.0,348
galU,0.9907,1.0,302
gapA,0.9976,1.0,331
garD,0.9782,1.0,523
garL,0.9586,1.0,256
garR,0.9844,1.0,294
gcl,0.9302,1.0,593
gcvA,0.859,0.8,305
gcvH,0.9922,1.0,129
gcvP,0.9933,1.0,957
gcvT,0.9934,1.0,364
gdhA,0.9857,1.0,447
ggt,0.9879,1.0,580
ghoS,0.7204,0.8,98
ghrA,0.9135,1.0,312
ghrB,0.9617,1.0,324
ghxP,0.9911,1.0,449
glaH,0.9865,1.0,325
gldA,0.9858,1.0,367
glgA,0.9841,1.0,477
glgB,0.9865,1.0,728
glgC,0.9847,1.0,431
glgP,0.9848,1.0,815
glgS,0.897,1.0,66
glgX,0.9479,1.0,657
glk,0.9869,1.0,321
glmM,0.9982,1.0,445
glmS,0.8085,0.8,609
glmU,0.993,1.0,456
glnA,0.9974,1.0,469
glnB,0.9946,1.0,112
glnD,0.9903,1.0,890
glnE,0.9848,1.0,946
glnG,0.9902,1.0,469
glnH,0.9944,1.0,248
glnK,1.0,1.0,112
glnL,0.992,1.0,349
glnP,0.9945,1.0,219
glnQ,0.9,1.0,240
glnS,0.9975,1.0,554
gloA,0.997,1.0,135
gloB,0.9705,1.0,251
gloC,0.9795,1.0,215
glpA,0.986,1.0,542
glpB,0.9652,1.0,419
glpC,0.9909,1.0,396
glpD,0.9892,1.0,501
glpE,0.9907,1.0,108
glpF,0.9765,1.0,281
glpG,0.9906,1.0,276
glpK,0.9888,1.0,502
glpQ,0.9737,1.0,358
glpT,0.9916,1.0,452
glpX,0.994,1.0,336
glrR,0.9928,1.0,444
glsA,0.9825,1.0,308
glsB,0.9818,1.0,308
gltA,0.9855,1.0,427
gltB,0.9938,1.0,1486
gltD,0.9068,1.0,472
gltI,0.849,0.8,302
gltJ,0.9951,1.0,246
gltK,0.9938,1.0,224
gltL,0.9967,1.0,241
gltP,0.9899,1.0,437
gltS,0.996,1.0,401
gltX,0.9941,1.0,471
gluQ,0.9455,1.0,308
glyA,0.9986,1.0,417
glyQ,0.998,1.0,303
glyS,0.9936,1.0,689
gmd,0.9592,1.0,373
gmhA,0.9958,1.0,192
gmhB,0.9864,1.0,191
gmk,0.9971,1.0,207
gmm,0.8717,0.8,159
gndA,0.9936,1.0,468
gntK,0.9954,1.0,175
gntR,0.9921,1.0,331
gntT,0.9991,1.0,438
gntU,0.9964,1.0,446
gph,0.9833,1.0,252
gpmA,1.0,1.0,250
gpmM,0.9942,1.0,514
gpr,0.8526,0.8,346
gpsA,0.9965,1.0,339
gpt,0.9934,1.0,152
grcA,0.9984,1.0,127
greA,0.9987,1.0,158
greB,0.9962,1.0,158
groL,0.9967,1.0,548
groS,1.0,1.0,97
grpE,0.9909,1.0,197
grxC,0.9831,1.0,83
grxD,0.9896,1.0,115
gshA,0.9884,1.0,518
gshB,0.9766,1.0,316
gsiA,0.7791,0.8,623
gsiB,0.9621,1.0,512
gsiC,0.9732,1.0,306
gsiD,0.9637,1.0,303
gsk,0.9922,1.0,434
gspC,0.8199,0.8,271
gspD,0.9939,1.0,686
gspE,0.9099,1.0,493
gspF,0.8849,0.8,398
gspG,0.9145,1.0,145
gspH,0.826,0.8,169
gspI,0.8208,0.8,125
gspJ,0.9678,1.0,199
gspK,0.8477,0.8,327
gspL,0.8072,0.8,387
gss,0.9813,1.0,619
gstA,0.9413,1.0,201
guaA,0.9893,1.0,525
guaB,0.9988,1.0,488
guaC,0.9925,1.0,347
gutQ,0.9863,1.0,321
gyrA,0.995,1.0,875
gyrB,0.992,1.0,804
hcaT,0.9609,1.0,379
hchA,0.9583,1.0,283
hcp,0.9942,1.0,550
hcr,0.9764,1.0,322
hcxA,0.9751,1.0,362
hda,0.9948,1.0,233
hdeA,0.9473,1.0,110
hdeB,0.9444,1.0,108
hdeD,0.9263,1.0,190
hdfR,0.9842,1.0,279
helD,0.9564,1.0,684
hemA,0.9914,1.0,418
hemB,0.9833,1.0,324
hemC,0.9789,1.0,313
hemD,0.9358,1.0,246
hemE,0.9972,1.0,354
hemF,0.9773,1.0,299
hemG,0.9823,1.0,181
hemH,0.9844,1.0,320
hemL,0.9939,1.0,426
hemN,0.9899,1.0,457
hemW,0.982,1.0,378
hemX,0.9554,1.0,399
hemY,0.9889,1.0,398
hflC,0.994,1.0,334
hflD,0.9972,1.0,213
hflK,0.9967,1.0,419
hflX,0.9967,1.0,426
hfq,0.998,1.0,102
hha,0.9972,1.0,72
hinT,0.9882,1.0,119
hisA,0.9747,1.0,245
hisB,0.9752,1.0,355
hisC,0.9635,1.0,356
hisD,0.9664,1.0,434
hisF,0.9853,1.0,258
hisG,0.9893,1.0,299
hisH,0.9776,1.0,196
hisI,0.9783,1.0,203
hisJ,0.9938,1.0,260
hisM,0.9966,1.0,238
hisP,0.9946,1.0,257
hisQ,0.9965,1.0,228
hisS,0.9948,1.0,424
hldE,0.9962,1.0,477
hmp,0.9859,1.0,396
hns,0.9898,1.0,137
hofC,0.9205,1.0,400
hofQ,0.9602,1.0,412
hokD,0.9804,1.0,51
holA,0.9848,1.0,343
holB,0.9323,1.0,334
holC,0.9986,1.0,147
holD,0.981,1.0,137
holE,0.9763,1.0,76
hpf,0.9895,1.0,95
hpt,0.9978,1.0,178
hrpA,0.9928,1.0,1300
hrpB,0.8366,0.8,809
hscA,0.9971,1.0,616
hscB,0.993,1.0,171
hslJ,0.9214,1.0,140
hslO,0.989,1.0,292
hslR,0.9925,1.0,133
hslU,0.9973,1.0,443
hslV,0.9989,1.0,176
hspQ,0.9886,1.0,105
htpG,0.9978,1.0,624
htpX,0.9966,1.0,293
hupA,1.0,1.0,90
hupB,1.0,1.0,90
hxpB,0.9613,1.0,222
hyaA,0.9935,1.0,372
hyaB,0.994,1.0,597
hyaC,0.983,1.0,235
hyaD,0.8133,0.8,195
hyaE,0.9258,1.0,132
hyaF,0.9411,1.0,285
hybA,0.9976,1.0,328
hybB,0.9985,1.0,392
hybC,0.9982,1.0,567
hybE,0.9938,1.0,162
hybF,0.9947,1.0,113
hybG,0.9976,1.0,82
hybO,0.9968,1.0,372
hycA,0.9294,1.0,153
hycB,0.9931,1.0,203
hycC,0.9901,1.0,608
hycD,0.9974,1.0,307
hycE,0.9954,1.0,569
hycF,0.9956,1.0,180
hycG,0.9898,1.0,255
hycH,0.9926,1.0,136
hycI,0.9974,1.0,156
hydN,0.9977,1.0,175
hyi,0.8667,1.0,258
hypA,0.8931,0.8,116
hypB,0.9972,1.0,290
hypC,0.8978,0.9,90
hypD,0.9973,1.0,373
hypE,0.9917,1.0,336
hypF,0.9707,1.0,750
iap,0.9681,1.0,345
ibaG,0.9881,1.0,84
ibpA,1.0,1.0,137
ibpB,0.9662,1.0,142
icd,0.926,1.0,416
iclR,0.9818,1.0,274
idi,0.9264,1.0,182
igaA,0.9603,1.0,711
ihfA,1.0,1.0,99
ihfB,0.9979,1.0,94
ileS,0.993,1.0,938
ilvA,0.9953,1.0,514
ilvB,0.9829,1.0,562
ilvC,0.9955,1.0,491
ilvD,0.9925,1.0,616
ilvE,0.9974,1.0,309
ilvG,0.9825,1.0,548
ilvI,0.9794,1.0,574
ilvM,1.0,1.0,87
ilvN,0.8604,0.8,96
ilvY,0.9906,1.0,297
infA,1.0,1.0,72
infB,0.9951,1.0,890
infC,0.9578,1.0,180
iprA,0.9478,1.0,207
iraP,0.9488,1.0,86
iscA,1.0,1.0,107
iscR,0.9988,1.0,162
iscS,1.0,1.0,404
iscU,0.9984,1.0,128
iscX,0.9939,1.0,66
ispA,0.9826,1.0,299
ispB,0.9901,1.0,323
ispD,0.9788,1.0,236
ispE,0.9746,1.0,283
ispF,1.0,1.0,159
ispG,0.9995,1.0,372
ispH,0.9892,1.0,316
ispU,0.9953,1.0,253
ivy,0.9516,1.0,157
katG,0.9744,1.0,726
kbaY,0.9881,1.0,286
kbaZ,0.9784,1.0,426
kbl,0.993,1.0,398
kch,0.9391,1.0,417
kdgK,0.9748,1.0,309
kdgR,0.9749,1.0,263
kdpA,0.9831,1.0,557
kdpB,0.9915,1.0,682
kdpC,0.9758,1.0,190
kdpD,0.9884,1.0,894
kdpE,0.9858,1.0,225
kdsA,0.993,1.0,284
kdsB,0.8661,0.8,248
kdsC,0.9745,1.0,188
kdsD,0.9817,1.0,328
kefB,0.9947,1.0,601
kefC,0.9871,1.0,620
kefF,0.9955,1.0,176
kefG,0.9859,1.0,184
kgtP,0.8523,0.8,432
kup,0.9961,1.0,622
lacZ,0.9209,1.0,1024
lafU,0.884,1.0,307
lamB,0.9726,1.0,446
lapA,0.9647,1.0,102
lapB,0.9835,1.0,389
ldcA,0.9303,1.0,304
ldhA,0.9872,1.0,329
ldtA,0.9473,1.0,311
ldtB,0.9882,1.0,306
ldtC,0.9806,1.0,319
ldtD,0.9626,1.0,615
lepA,0.9977,1.0,599
lepB,0.992,1.0,324
leuA,0.9154,1.0,870
leuB,0.9956,1.0,363
leuC,0.9957,1.0,466
leuD,0.9831,1.0,201
leuE,0.9726,1.0,212
leuO,0.9006,1.0,314
leuS,0.9965,1.0,860
lexA,0.997,1.0,202
lgt,0.9911,1.0,291
lhgD,0.9858,1.0,422
ligA,0.9911,1.0,671
ligB,0.9014,1.0,560
lipA,0.995,1.0,321
lipB,0.9549,1.0,213
livF,0.9966,1.0,237
livG,0.9976,1.0,255
livH,0.9987,1.0,308
livJ,0.9951,1.0,367
livK,0.9902,1.0,369
livM,0.9915,1.0,425
lldD,0.9869,1.0,396
lldP,0.9873,1.0,551
lldR,0.8163,0.8,258
lnt,0.9836,1.0,512
loiP,0.9817,1.0,252
lolA,0.9911,1.0,203
lolB,0.9913,1.0,207
lolC,0.9955,1.0,399
lolD,0.9966,1.0,233
lolE,0.9845,1.0,414
lon,0.9985,1.0,784
lplA,0.9864,1.0,338
lplT,0.9793,1.0,397
lpoA,0.9678,1.0,678
lpoB,0.9718,1.0,213
lpp,0.9923,1.0,78
lptA,0.9827,1.0,185
lptB,0.9967,1.0,241
lptC,0.9853,1.0,191
lptD,0.9643,1.0,784
lptE,0.9699,1.0,193
lptF,0.6951,0.6,366
lptG,0.9894,1.0,360
lpxA,0.9931,1.0,262
lpxB,0.9921,1.0,382
lpxC,0.9941,1.0,305
lpxD,0.9953,1.0,341
lpxH,0.985,1.0,240
lpxK,0.953,1.0,328
lpxL,0.9621,1.0,306
lpxM,0.9851,1.0,323
lpxP,0.9582,1.0,306
lpxT,0.9198,1.0,237
lrhA,0.9596,1.0,312
lrp,0.861,0.8,164
lspA,0.9939,1.0,164
ltaE,0.9898,1.0,333
luxS,0.9883,1.0,171
lysA,0.9681,1.0,420
lysC,0.9715,1.0,449
lysO,0.9813,1.0,299
lysP,0.9898,1.0,489
lysR,0.9563,1.0,311
lysS,0.9877,1.0,505
lyxK,0.9675,1.0,498
macA,0.9671,1.0,371
macB,0.8673,0.8,648
maeA,0.995,1.0,565
maeB,0.986,1.0,759
mak,0.9649,1.0,302
malE,0.9747,1.0,396
malF,0.9728,1.0,514
malG,0.9845,1.0,296
malK,0.9892,1.0,371
malM,0.9752,1.0,306
malP,0.8708,0.8,797
malQ,0.9784,1.0,694
malT,0.976,1.0,901
malY,0.9359,1.0,390
malZ,0.9689,1.0,604
manA,0.9611,1.0,391
manX,0.9864,1.0,323
manY,0.9925,1.0,266
manZ,0.8537,0.8,283
maoP,0.9964,1.0,112
map,0.9947,1.0,264
marA,0.9732,1.0,127
marB,0.8278,0.8,72
marC,0.8221,0.8,154
marR,0.9736,1.0,144
matP,0.9733,1.0,150
mazG,0.9886,1.0,263
mdaB,0.9917,1.0,193
mdh,0.9455,1.0,312
mdlA,0.9742,1.0,590
mdlB,0.9885,1.0,593
mdtA,0.986,1.0,415
mdtB,0.9954,1.0,1040
mdtC,0.9936,1.0,1025
mdtD,0.9856,1.0,471
mdtE,0.9564,1.0,385
mdtF,0.9743,1.0,1037
mdtG,0.825,0.8,408
mdtH,0.9741,1.0,402
mdtK,0.9799,1.0,457
mdtL,0.9739,1.0,391
mdtN,0.9539,1.0,343
mdtO,0.904,1.0,683
menA,0.9844,1.0,308
menB,0.9958,1.0,285
menC,0.9775,1.0,320
menD,0.9802,1.0,556
menE,0.9645,1.0,451
menF,0.9536,1.0,431
menH,0.9508,1.0,252
menI,0.9529,1.0,136
mepA,0.9869,1.0,274
mepM,0.975,1.0,440
mepS,0.9904,1.0,188
metA,0.9916,1.0,309
metB,0.9938,1.0,386
metC,0.9777,1.0,395
metE,0.9926,1.0,753
metF,0.9932,1.0,296
metG,0.9941,1.0,677
metH,0.9917,1.0,1227
metI,0.9982,1.0,217
metJ,0.9981,1.0,105
metK,0.9958,1.0,384
metL,0.997,1.0,810
metN,0.9936,1.0,343
metQ,0.9934,1.0,271
metR,0.9937,1.0,317
mfd,0.9916,1.0,1148
mglA,0.9964,1.0,506
mglB,0.9958,1.0,332
mglC,0.997,1.0,336
mgsA,0.7092,0.6,152
miaA,0.988,1.0,316
miaB,0.9954,1.0,474
minC,0.942,1.0,231
minD,0.9933,1.0,270
minE,0.9955,1.0,88
mioC,0.9741,1.0,147
mipA,0.9677,1.0,248
mlaA,0.9841,1.0,251
mlaB,0.9299,1.0,97
mlaC,0.9858,1.0,211
mlaD,0.9694,1.0,183
mlaE,0.9892,1.0,260
mlaF,0.9888,1.0,269
mliC,0.9523,1.0,109
mlrA,0.9835,1.0,243
mltA,0.9923,1.0,365
mltB,0.9928,1.0,361
mltC,0.9922,1.0,359
mltD,0.9743,1.0,452
mltF,0.9846,1.0,518
mltG,0.9647,1.0,340
mnmA,0.9967,1.0,368
mnmC,0.9584,1.0,668
mnmE,0.9987,1.0,454
mnmG,0.9921,1.0,629
mntH,0.9956,1.0,412
mntP,0.9809,1.0,188
mntR,0.9806,1.0,155
moaA,0.9939,1.0,329
moaB,0.9965,1.0,170
moaC,0.9988,1.0,161
moaD,0.9778,1.0,81
moaE,0.996,1.0,150
mobA,0.8079,0.8,709
mobB,0.9623,1.0,175
modA,0.9665,1.0,257
modB,0.9913,1.0,229
modC,0.9778,1.0,352
modE,0.8076,0.8,262
modF,0.9714,1.0,490
moeA,0.9732,1.0,411
moeB,0.9791,1.0,249
mog,0.9846,1.0,195
mokC,0.942,1.0,69
motA,0.8529,0.8,295
motB,0.9461,1.0,308
mpaA,0.9769,1.0,242
mpl,0.9908,1.0,457
mppA,0.9806,1.0,537
mqo,0.9839,1.0,548
mraY,0.9972,1.0,360
mraZ,0.9711,1.0,152
mrcA,0.9786,1.0,850
mrcB,0.9898,1.0,844
mrdA,0.9912,1.0,633
mrdB,0.9978,1.0,370
mreB,1.0,1.0,347
mreC,0.9651,1.0,367
mreD,0.984,1.0,162
msbA,0.9918,1.0,582
mscK,0.9787,1.0,1120
mscL,0.9926,1.0,136
mscM,0.8395,0.8,415
mscS,0.9685,1.0,286
msrA,0.9774,1.0,212
msrB,0.9489,1.0,137
msrP,0.9689,1.0,334
msrQ,0.9232,1.0,211
msyB,0.671,0.6,124
mtfA,0.7186,0.8,840
mtgA,0.9413,1.0,242
mtlA,0.8735,0.8,637
mtlD,0.9848,1.0,382
mtlR,0.9621,1.0,195
mtr,0.9903,1.0,414
mug,0.9548,1.0,168
mukB,0.9933,1.0,1486
mukE,0.9949,1.0,234
mukF,0.995,1.0,440
murA,0.9943,1.0,419
murB,0.9737,1.0,342
murC,0.991,1.0,491
murD,0.9913,1.0,438
murE,0.9903,1.0,495
murF,0.9841,1.0,452
murG,0.9808,1.0,355
murI,0.9775,1.0,285
murJ,0.98,1.0,511
murQ,0.9785,1.0,298
mutH,0.9729,1.0,229
mutL,0.9763,1.0,615
mutM,0.9911,1.0,269
mutS,0.9939,1.0,853
mutT,0.9442,1.0,129
mutY,0.9846,1.0,350
mzrA,0.9291,1.0,127
nadA,0.9712,1.0,347
nadB,0.973,1.0,540
nadC,0.9778,1.0,297
nadD,0.9521,1.0,213
nadE,0.9811,1.0,275
nadK,0.9973,1.0,292
nadR,0.9941,1.0,410
nagA,0.8576,0.8,382
nagB,0.9992,1.0,266
nagC,0.9966,1.0,406
nagE,0.987,1.0,648
nagK,0.9729,1.0,303
nagZ,0.9789,1.0,341
nanA,0.9973,1.0,297
nanE,0.993,1.0,229
nanK,0.9684,1.0,291
nanR,0.9833,1.0,263
nanT,0.9907,1.0,496
napA,0.8489,0.8,237
napB,0.9973,1.0,149
napC,0.993,1.0,200
napD,0.9885,1.0,87
napF,0.9805,1.0,164
napG,0.9948,1.0,231
napH,0.9916,1.0,287
narG,0.9965,1.0,1247
narH,0.9133,1.0,512
narI,0.8942,1.0,225
narJ,0.9839,1.0,236
narK,0.9922,1.0,463
narL,0.8852,0.8,216
narP,0.9647,1.0,215
narQ,0.9657,1.0,566
narX,0.8368,0.8,598
ndh,0.9894,1.0,434
ndk,0.9972,1.0,143
nemA,0.9885,1.0,365
nemR,0.9729,1.0,199
nfi,0.9892,1.0,223
nfo,0.9937,1.0,285
nfsA,0.9733,1.0,240
nfsB,0.9871,1.0,217
nfuA,1.0,1.0,191
nhaA,0.9809,1.0,388
nhaB,0.9735,1.0,513
nhaR,0.9674,1.0,301
nhoA,0.9594,1.0,281
nikR,0.991,1.0,133
nirB,0.995,1.0,847
nirC,0.994,1.0,268
nirD,1.0,1.0,108
nlpD,0.9821,1.0,379
nlpE,0.95,1.0,236
nlpI,0.9966,1.0,294
nnr,0.9725,1.0,510
norR,0.9841,1.0,504
norV,0.9933,1.0,479
norW,0.974,1.0,377
npr,0.9911,1.0,90
nrdA,0.9961,1.0,761
nrdB,0.9968,1.0,376
nrdD,0.9969,1.0,712
nrdE,0.9882,1.0,714
nrdF,0.9806,1.0,319
nrdG,0.9896,1.0,154
nrdH,0.9877,1.0,81
nrdI,0.9603,1.0,151
nrdR,0.9973,1.0,149
nrfB,0.8468,0.8,188
nsrR,0.9972,1.0,141
nth,0.9886,1.0,211
nudB,0.9773,1.0,150
nudC,0.9907,1.0,257
nudE,0.9871,1.0,186
nudF,0.9847,1.0,209
nudG,0.9259,1.0,135
nudI,0.9589,1.0,141
nudJ,0.9856,1.0,153
nudK,0.9759,1.0,191
nudL,0.9823,1.0,192
nuoA,0.9932,1.0,147
nuoB,1.0,1.0,220
nuoC,0.9963,1.0,596
nuoE,0.9976,1.0,166
nuoF,0.9982,1.0,445
nuoG,0.9965,1.0,908
nuoH,0.9982,1.0,325
nuoI,1.0,1.0,180
nuoJ,0.9978,1.0,184
nuoK,1.0,1.0,100
nuoL,0.9945,1.0,613
nuoM,0.9953,1.0,509
nuoN,0.9942,1.0,485
nupC,0.9915,1.0,400
nupG,0.99,1.0,418
nusA,0.9968,1.0,495
nusB,0.9928,1.0,139
nusG,0.9978,1.0,181
ogt,0.9591,1.0,171
ompA,0.9873,1.0,346
ompC,0.9008,1.0,367
ompF,0.9812,1.0,362
ompR,0.9992,1.0,239
ompW,0.9453,1.0,212
ompX,0.9813,1.0,171
opgB,0.9751,1.0,763
opgC,0.9496,1.0,385
opgD,0.975,1.0,551
opgG,0.9832,1.0,511
opgH,0.9849,1.0,847
oppA,0.9702,1.0,543
oppB,0.8196,0.8,438
oppC,0.9901,1.0,302
oppD,0.8742,0.8,337
oppF,0.8497,0.8,334
orn,0.9967,1.0,181
osmB,0.9917,1.0,72
osmC,0.9902,1.0,143
osmE,0.9893,1.0,112
osmF,0.983,1.0,305
osmY,0.9771,1.0,201
otsA,0.9629,1.0,474
otsB,0.9248,1.0,266
oxyR,0.9889,1.0,305
pabA,0.9786,1.0,187
pabB,0.9404,1.0,453
pabC,0.91,1.0,269
pal,0.9919,1.0,173
panB,0.9826,1.0,264
panC,0.9901,1.0,283
panD,0.9952,1.0,126
panE,0.9855,1.0,303
panF,0.993,1.0,483
panZ,0.9685,1.0,127
parC,0.9856,1.0,752
parE,0.9949,1.0,630
patA,0.9956,1.0,459
patD,0.981,1.0,474
pbpC,0.9613,1.0,770
pbpG,0.829,0.8,310
pcm,0.9962,1.0,208
pcnB,0.9781,1.0,465
pdeH,0.9176,1.0,255
pdeR,0.948,1.0,661
pdhR,0.848,0.8,254
pdxA,0.9848,1.0,329
pdxB,0.9772,1.0,378
pdxH,0.9872,1.0,218
pdxJ,0.9942,1.0,243
pdxK,0.976,1.0,283
pdxY,0.9763,1.0,287
pepA,0.9988,1.0,503
pepB,0.992,1.0,427
pepD,0.9926,1.0,485
pepN,0.9876,1.0,870
pepP,0.9868,1.0,441
pepQ,0.9982,1.0,443
pepT,0.9858,1.0,408
pfkA,0.9944,1.0,320
pfkB,0.9696,1.0,309
pflA,0.8309,0.8,246
pflB,0.9392,1.0,760
pgi,0.9978,1.0,549
pgk,1.0,1.0,387
pgl,0.9855,1.0,331
pgm,0.8368,0.8,250
pgpA,0.9802,1.0,172
pgpB,0.9402,1.0,254
pgsA,0.9967,1.0,182
pheA,0.9927,1.0,386
pheP,0.9939,1.0,458
pheS,0.9988,1.0,327
pheT,0.9932,1.0,795
phoA,0.9631,1.0,471
phoB,0.993,1.0,229
phoE,0.9858,1.0,351
phoH,0.9209,1.0,354
phoP,0.9848,1.0,223
phoQ,0.9556,1.0,486
phoR,0.9722,1.0,431
phoU,0.9884,1.0,241
pitA,0.9808,1.0,499
plaP,0.9987,1.0,452
pldA,0.9737,1.0,289
pldB,0.9747,1.0,340
plsB,0.9881,1.0,807
plsC,0.9894,1.0,245
plsX,0.9902,1.0,346
plsY,0.9893,1.0,205
pmrD,0.9159,1.0,88
pncA,0.9408,1.0,213
pncB,0.972,1.0,400
pncC,0.9758,1.0,165
pnp,0.9975,1.0,711
pntA,0.9804,1.0,510
pntB,0.9896,1.0,462
pnuC,0.9816,1.0,239
polA,0.9886,1.0,928
polB,0.8208,0.8,866
potA,0.755,0.6,378
potB,0.9905,1.0,275
potC,0.9985,1.0,264
potD,0.9925,1.0,348
potF,0.9924,1.0,370
potG,0.9809,1.0,377
potH,0.9804,1.0,317
potI,0.9986,1.0,281
poxB,0.9867,1.0,572
ppa,0.9932,1.0,176
ppc,0.99,1.0,883
ppdA,0.8962,1.0,156
ppdB,0.8877,1.0,187
ppdD,0.9671,1.0,146
pphA,0.8138,0.8,218
pphB,0.9174,1.0,218
ppiA,0.9863,1.0,190
ppiB,0.9988,1.0,164
ppiC,0.9957,1.0,93
ppiD,0.966,1.0,623
ppk,0.9904,1.0,688
ppnN,0.9943,1.0,454
ppnP,0.9787,1.0,94
pppA,0.9628,1.0,269
ppsA,0.9919,1.0,792
ppsR,0.9921,1.0,277
pptA,0.9169,1.0,77
ppx,0.9817,1.0,513
pqiA,0.9837,1.0,417
pqiB,0.841,0.8,546
pqiC,0.9829,1.0,187
prc,0.9815,1.0,682
preA,0.9908,1.0,411
prfA,0.9944,1.0,360
prfB,0.9595,1.0,365
prfC,0.9913,1.0,529
priA,0.9921,1.0,732
priB,0.9923,1.0,104
priC,0.9543,1.0,175
prlC,0.9944,1.0,680
prmA,0.9911,1.0,293
prmB,0.9935,1.0,310
prmC,0.9401,1.0,277
proA,0.9875,1.0,417
proB,0.9935,1.0,367
proC,0.9888,1.0,269
proP,0.9816,1.0,500
proQ,0.9793,1.0,232
proS,0.9927,1.0,572
proV,0.9955,1.0,400
proW,0.9881,1.0,354
proX,0.9909,1.0,330
proY,0.9908,1.0,457
prpB,0.9919,1.0,296
prpC,0.9938,1.0,389
prpD,0.9892,1.0,483
prpE,0.9904,1.0,628
prpR,0.9644,1.0,528
prs,0.9994,1.0,315
psd,0.9876,1.0,322
psiE,0.9956,1.0,136
psiF,0.9698,1.0,106
pspA,0.991,1.0,222
pspB,0.6344,0.6,215
pspC,0.9832,1.0,119
pspD,0.9836,1.0,73
pspE,0.9827,1.0,104
pspF,0.9705,1.0,325
pspG,0.96,1.0,80
pssA,0.8157,0.8,1300
pstA,0.998,1.0,296
pstB,0.9977,1.0,257
pstC,0.9987,1.0,319
pstS,0.9896,1.0,346
psuG,0.9782,1.0,312
pta,0.9891,1.0,714
pth,0.9804,1.0,194
ptrA,0.9748,1.0,962
ptrB,0.9665,1.0,686
ptsG,0.8801,0.8,477
ptsH,1.0,1.0,85
ptsI,0.9969,1.0,575
ptsN,0.989,1.0,163
ptsP,0.8471,0.8,748
purA,0.9981,1.0,432
purB,0.9947,1.0,456
purC,0.9983,1.0,237
purD,0.9935,1.0,429
purE,0.9964,1.0,169
purF,0.9952,1.0,505
purH,0.9924,1.0,529
purK,0.9831,1.0,355
purL,0.9901,1.0,1295
purM,0.9803,1.0,345
purN,0.9566,1.0,212
purR,0.9941,1.0,341
purT,0.9679,1.0,392
purU,0.9936,1.0,280
putA,0.9892,1.0,1320
putP,0.9932,1.0,502
pxpA,0.9484,1.0,244
pxpB,0.9651,1.0,218
pxpC,0.9787,1.0,310
pykF,0.9919,1.0,470
pyrB,0.9929,1.0,311
pyrC,0.9575,1.0,348
pyrD,0.9869,1.0,336
pyrE,0.9925,1.0,213
pyrF,0.9649,1.0,245
pyrG,0.996,1.0,545
pyrH,0.9983,1.0,241
pyrI,0.9922,1.0,153
qseB,0.9689,1.0,219
qseC,0.9345,1.0,449
qseG,0.957,1.0,237
queA,0.9949,1.0,356
queC,0.9879,1.0,231
queD,0.9868,1.0,121
queE,0.9964,1.0,223
queF,0.9617,1.0,282
queG,0.9916,1.0,379
radA,0.9991,1.0,460
raiA,0.9912,1.0,113
rapA,0.9963,1.0,968
rapZ,0.9958,1.0,284
rarA,0.9969,1.0,447
rarD,0.9892,1.0,296
ratA,0.9696,1.0,158
ravA,0.9518,1.0,498
rbbA,0.9908,1.0,911
rbfA,0.9985,1.0,133
rbn,0.9305,1.0,305
rbsA,0.895,0.8,501
rbsB,0.8534,0.8,296
rbsC,0.9981,1.0,321
rbsD,0.9755,1.0,139
rbsK,0.8654,0.8,309
rbsR,0.9618,1.0,330
rcnB,0.9571,1.0,112
rcsB,0.9944,1.0,216
rcsC,0.9614,1.0,949
rcsD,0.951,1.0,890
rcsF,0.994,1.0,134
rdgC,0.9921,1.0,303
recA,0.9977,1.0,353
recB,0.9675,1.0,1180
recC,0.9713,1.0,1122
recD,0.9582,1.0,608
recF,0.9944,1.0,357
recG,0.9928,1.0,693
recJ,0.9896,1.0,577
recN,0.991,1.0,553
recO,0.9884,1.0,242
recQ,0.9931,1.0,609
recR,0.998,1.0,201
recX,0.9831,1.0,166
relA,0.9903,1.0,744
rep,0.9949,1.0,673
rfaD,0.9968,1.0,310
rfaH,0.9815,1.0,162
rfbA,0.8382,1.0,293
rfbB,0.959,1.0,361
rfbC,0.7622,0.8,185
rfbD,0.9706,1.0,299
rffC,0.95,1.0,224
rffM,0.9821,1.0,246
rhlB,0.9948,1.0,421
rhlE,0.9868,1.0,454
rho,0.9995,1.0,419
rhtA,0.9641,1.0,295
rhtC,0.9893,1.0,206
ribA,0.9857,1.0,196
ribB,0.9945,1.0,217
ribD,0.9815,1.0,367
ribE,0.8254,0.8,213
ribF,0.9904,1.0,313
rihA,0.9878,1.0,311
rihB,0.9942,1.0,313
rihC,0.9553,1.0,304
rimI,0.9946,1.0,148
rimJ,0.9773,1.0,194
rimK,0.9827,1.0,300
rimL,0.9028,1.0,179
rimM,0.9967,1.0,182
rimO,0.9955,1.0,441
rimP,0.9987,1.0,150
rlhA,0.981,1.0,653
rlmA,0.919,1.0,269
rlmB,0.851,0.8,243
rlmC,0.976,1.0,375
rlmD,0.9575,1.0,433
rlmE,0.9981,1.0,209
rlmF,0.9747,1.0,308
rlmG,0.9963,1.0,378
rlmH,0.9806,1.0,155
rlmI,0.9909,1.0,396
rlmJ,0.9836,1.0,280
rlmL,0.9952,1.0,702
rlmM,0.9918,1.0,366
rlmN,0.9948,1.0,384
rlpA,0.9486,1.0,362
rluA,0.9945,1.0,219
rluB,0.9966,1.0,291
rluC,0.9881,1.0,319
rluD,0.9957,1.0,326
rluE,0.9779,1.0,217
rluF,0.98,1.0,290
rmf,0.9964,1.0,55
rmuC,0.9869,1.0,475
rna,0.9351,1.0,268
rnb,0.9811,1.0,644
rnc,0.9991,1.0,226
rnd,0.9712,1.0,375
rne,0.9478,1.0,1061
rng,0.9963,1.0,489
rnhA,0.9935,1.0,155
rnhB,0.9838,1.0,198
rnk,0.9824,1.0,136
rnpA,0.9798,1.0,119
rnr,0.9956,1.0,813
rnt,0.9665,1.0,215
rodZ,0.9395,1.0,337
rof,0.9762,1.0,84
rpe,0.9956,1.0,225
rph,0.995,1.0,238
rpiA,0.9863,1.0,219
rplA,0.9957,1.0,234
rplB,1.0,1.0,273
rplC,0.999,1.0,209
rplD,1.0,1.0,201
rplE,1.0,1.0,179
rplF,0.9977,1.0,177
rplI,1.0,1.0,149
rplJ,1.0,1.0,165
rplK,1.0,1.0,142
rplL,0.9983,1.0,121
rplM,0.9944,1.0,142
rplN,1.0,1.0,123
rplO,0.9972,1.0,144
rplP,1.0,1.0,136
rplQ,1.0,1.0,127
rplR,1.0,1.0,117
rplS,0.9983,1.0,115
rplT,0.9983,1.0,118
rplU,1.0,1.0,103
rplV,1.0,1.0,110
rplW,1.0,1.0,100
rplX,0.9981,1.0,104
rplY,0.9723,1.0,94
rpmA,0.9953,1.0,85
rpmB,1.0,1.0,78
rpmC,0.9937,1.0,63
rpmD,1.0,1.0,59
rpmE,0.9914,1.0,70
rpmF,0.9965,1.0,57
rpmG,1.0,1.0,55
rpmI,1.0,1.0,65
rpnB,0.9804,1.0,296
rpoA,0.9994,1.0,329
rpoB,0.9993,1.0,1342
rpoC,0.9984,1.0,1407
rpoD,0.9954,1.0,613
rpoE,1.0,1.0,191
rpoH,0.9979,1.0,284
rpoN,0.982,1.0,477
rpoS,0.9994,1.0,330
rpoZ,0.989,1.0,91
rppH,0.9909,1.0,176
rpsA,0.9978,1.0,557
rpsB,1.0,1.0,241
rpsC,1.0,1.0,233
rpsD,1.0,1.0,206
rpsE,0.9976,1.0,167
rpsF,0.9941,1.0,135
rpsG,0.9743,1.0,179
rpsH,1.0,1.0,130
rpsI,0.9985,1.0,130
rpsJ,0.9961,1.0,103
rpsK,1.0,1.0,129
rpsL,1.0,1.0,124
rpsM,0.9983,1.0,118
rpsN,1.0,1.0,101
rpsO,0.9933,1.0,89
rpsP,0.9976,1.0,82
rpsQ,1.0,1.0,84
rpsR,1.0,1.0,75
rpsS,1.0,1.0,92
rpsT,0.9931,1.0,87
rpsU,1.0,1.0,71
rraA,0.9963,1.0,161
rraB,0.9797,1.0,138
rsd,0.9924,1.0,158
rseA,0.9926,1.0,216
rseB,0.9943,1.0,318
rseC,0.9786,1.0,159
rseD,0.9804,1.0,51
rseP,0.9747,1.0,450
rsfS,0.9962,1.0,105
rsgA,0.8461,0.8,165
rsmA,0.9927,1.0,273
rsmB,0.9753,1.0,429
rsmC,0.9878,1.0,343
rsmD,0.9788,1.0,198
rsmE,0.9901,1.0,243
rsmF,0.9663,1.0,481
rsmG,0.9739,1.0,207
rsmH,0.9968,1.0,313
rsmI,0.9937,1.0,286
rsmJ,0.988,1.0,250
rspA,0.9663,1.0,415
rssA,0.7942,0.8,450
rssB,0.962,1.0,337
rstA,0.9439,1.0,239
rstB,0.9413,1.0,433
rsuA,0.987,1.0,231
rsxA,0.9979,1.0,193
rsxB,0.9823,1.0,192
rsxC,0.9266,1.0,836
rsxD,0.9648,1.0,352
rsxE,0.9732,1.0,231
rsxG,0.9612,1.0,206
rtcA,0.9136,1.0,338
rtcB,0.8456,0.8,408
rtcR,0.9722,1.0,532
rusA,0.98,1.0,120
rutR,0.9877,1.0,212
ruvA,0.9862,1.0,203
ruvB,0.9976,1.0,336
ruvC,0.9977,1.0,173
sad,0.932,1.0,462
sanA,0.9941,1.0,239
sapA,0.9748,1.0,547
sapB,0.7963,0.8,321
sapC,0.9851,1.0,296
sapD,0.9939,1.0,330
sapF,0.9948,1.0,268
satP,0.9872,1.0,188
sbcB,0.9806,1.0,475
sbcC,0.9107,1.0,1048
sbcD,0.9615,1.0,400
sbmA,0.967,1.0,406
sbmC,0.9223,1.0,157
sbp,0.9781,1.0,329
sdaA,0.9956,1.0,454
sdaB,0.9952,1.0,455
sdaC,0.9921,1.0,429
sdhA,0.998,1.0,588
sdhB,0.9958,1.0,238
sdhC,0.9876,1.0,129
sdhD,0.993,1.0,115
sdhE,0.9977,1.0,88
sdiA,0.9292,1.0,240
secA,0.988,1.0,901
secB,0.9974,1.0,155
secD,0.9876,1.0,615
secE,1.0,1.0,127
secF,0.9889,1.0,323
secG,0.9964,1.0,110
secM,0.9506,1.0,170
secY,0.9991,1.0,443
selA,0.9737,1.0,463
selB,0.9762,1.0,614
selD,0.9954,1.0,347
selO,0.9414,1.0,478
selU,0.9731,1.0,364
seqA,0.9923,1.0,181
serA,0.9941,1.0,410
serB,0.9963,1.0,322
serC,0.9878,1.0,362
serS,0.9986,1.0,430
setB,0.9695,1.0,393
sfsA,0.9547,1.0,234
sfsB,0.9652,1.0,92
sgrR,0.9706,1.0,551
shiA,0.9539,1.0,438
sixA,0.9615,1.0,161
skp,0.9826,1.0,161
slmA,0.997,1.0,198
slp,0.8426,0.8,188
slyA,0.9681,1.0,144
slyB,0.9742,1.0,155
slyD,0.9939,1.0,196
slyX,1.0,1.0,67
smg,0.9936,1.0,157
smpB,1.0,1.0,160
smrA,0.9722,1.0,187
smrB,0.988,1.0,183
sodA,0.9913,1.0,206
sodB,0.9886,1.0,193
sohB,0.9668,1.0,349
solA,0.9457,1.0,372
soxR,0.9909,1.0,154
soxS,0.9832,1.0,107
speA,0.9967,1.0,658
speB,1.0,1.0,306
speC,0.8799,0.8,711
speD,0.9886,1.0,264
speE,0.9889,1.0,288
speG,0.9796,1.0,186
spoT,0.9954,1.0,702
sppA,0.9641,1.0,618
spy,0.9863,1.0,161
srkA,0.9805,1.0,328
srmB,0.9973,1.0,444
sseA,0.9616,1.0,281
sseB,0.9922,1.0,258
sspA,0.9953,1.0,212
sspB,0.9721,1.0,165
sstT,0.9763,1.0,414
sthA,0.9961,1.0,466
stpA,0.9552,1.0,134
sucA,0.9987,1.0,933
sucC,0.9108,1.0,388
sucD,0.9979,1.0,289
sufA,0.9754,1.0,122
sufB,0.9964,1.0,495
sufC,0.9903,1.0,248
sufD,0.9783,1.0,423
sufE,0.9841,1.0,138
sufS,0.9867,1.0,406
suhB,0.9948,1.0,267
sulA,0.9598,1.0,169
surA,0.9888,1.0,428
syd,0.9514,1.0,181
symE,0.9823,1.0,113
tadA,0.9892,1.0,167
tag,0.9594,1.0,187
tamA,0.9889,1.0,577
tamB,0.9876,1.0,1259
tam,0.9405,1.0,252
tas,0.989,1.0,346
tatA,0.9865,1.0,89
tatB,0.9754,1.0,171
tatC,0.9922,1.0,258
tatD,0.9592,1.0,260
tatE,0.9731,1.0,67
tauA,0.9756,1.0,320
tauB,0.9475,1.0,255
tauC,0.9462,1.0,275
tauD,0.9717,1.0,283
tcdA,0.9963,1.0,268
tcyJ,0.982,1.0,266
tcyL,0.9883,1.0,222
tcyP,0.9901,1.0,463
tdcB,0.9726,1.0,329
tdcC,0.9643,1.0,443
tdh,0.9935,1.0,341
tdk,0.9698,1.0,205
tehB,0.7787,0.8,197
tesA,0.9971,1.0,208
tesB,0.9909,1.0,286
tgt,0.9968,1.0,375
thiB,0.9859,1.0,327
thiC,0.9937,1.0,631
thiD,0.9842,1.0,266
thiE,0.9706,1.0,211
thiF,0.9729,1.0,251
thiG,0.9836,1.0,256
thiH,0.9767,1.0,377
thiI,0.9954,1.0,482
thiK,0.8985,1.0,274
thiL,0.9643,1.0,325
thiM,0.9153,1.0,262
thiP,0.9866,1.0,536
thiQ,0.9845,1.0,232
thiS,0.9545,1.0,66
thpR,0.9398,1.0,176
thrA,0.9856,1.0,820
thrB,0.8194,0.8,310
thrC,0.9734,1.0,428
thrS,0.9969,1.0,642
thyA,0.9977,1.0,264
tig,0.9894,1.0,432
tilS,0.9509,1.0,432
tldD,0.9942,1.0,481
tmcA,0.9344,1.0,671
tmk,0.9765,1.0,213
tnaA,0.9979,1.0,471
tnaB,0.9884,1.0,415
tolA,0.9135,1.0,421
tolB,0.9828,1.0,430
tolC,0.9866,1.0,493
tolQ,0.9974,1.0,230
tolR,0.9775,1.0,142
tomB,0.9919,1.0,124
tonB,0.9623,1.0,239
topA,0.9942,1.0,865
topB,0.9783,1.0,653
torA,0.9884,1.0,848
torC,0.9954,1.0,390
torD,0.9337,1.0,199
torR,0.9896,1.0,230
torS,0.9475,1.0,914
torT,0.9696,1.0,342
tpiA,0.9984,1.0,255
tpx,0.9702,1.0,168
treA,0.9242,1.0,565
treB,0.9814,1.0,473
treC,0.9612,1.0,551
treF,0.9756,1.0,549
treR,0.9816,1.0,315
trhO,0.9537,1.0,350
trkA,0.9983,1.0,458
trkG,0.9377,1.0,485
trkH,0.9975,1.0,483
trmA,0.9956,1.0,366
trmB,0.99,1.0,239
trmD,0.9969,1.0,255
trmH,0.9869,1.0,229
trmJ,0.9951,1.0,246
trmL,0.9924,1.0,157
trpA,0.9701,1.0,268
trpB,0.9929,1.0,397
trpC,0.9642,1.0,453
trpD,0.9951,1.0,531
trpE,0.9773,1.0,520
trpR,0.9685,1.0,108
trpS,0.9123,1.0,584
truA,0.9904,1.0,270
truB,0.9943,1.0,314
truC,0.9815,1.0,260
truD,0.9851,1.0,349
trxA,1.0,1.0,109
trxB,0.99,1.0,321
trxC,0.9942,1.0,139
tsaB,0.9905,1.0,231
tsaC,0.9716,1.0,190
tsaD,0.997,1.0,337
tsaE,0.9948,1.0,153
tsf,0.9986,1.0,283
tsx,0.983,1.0,294
ttcA,0.9833,1.0,311
tusA,0.9975,1.0,81
tusB,0.9579,1.0,95
tusC,0.9546,1.0,119
tusD,0.9781,1.0,128
tusE,0.989,1.0,109
tus,0.9612,1.0,309
tyrA,0.9845,1.0,373
tyrB,0.9622,1.0,397
tyrP,0.9653,1.0,403
tyrR,0.9836,1.0,513
tyrS,0.9967,1.0,424
ubiA,0.9841,1.0,290
ubiB,0.9864,1.0,546
ubiC,0.9624,1.0,165
ubiD,0.9911,1.0,497
ubiE,0.996,1.0,251
ubiF,0.9862,1.0,391
ubiG,0.9892,1.0,240
ubiH,0.9719,1.0,392
ubiI,0.981,1.0,400
ubiJ,0.9871,1.0,201
ubiK,0.9333,1.0,96
ubiT,0.9954,1.0,174
ubiU,0.9982,1.0,331
ubiV,0.9932,1.0,292
ubiX,0.9926,1.0,189
ucpA,0.9848,1.0,263
udk,0.9981,1.0,213
udp,0.9976,1.0,253
ugd,0.9294,1.0,388
ugpA,0.9993,1.0,295
ugpB,0.9936,1.0,438
ugpC,0.986,1.0,356
ugpE,0.9957,1.0,281
ugpQ,0.9806,1.0,247
uhpA,0.9939,1.0,196
uhpB,0.9812,1.0,500
uhpC,0.9777,1.0,439
uhpT,0.9944,1.0,463
ulaA,0.8473,0.8,465
ulaB,0.9941,1.0,101
ulaC,0.9831,1.0,154
ulaD,0.987,1.0,216
ulaE,0.9923,1.0,284
ulaF,0.9798,1.0,228
ulaG,0.9915,1.0,354
ulaR,0.9912,1.0,251
umuD,0.7266,0.6,139
ung,0.9852,1.0,229
upp,0.9971,1.0,208
uraA,0.986,1.0,429
ushA,0.98,1.0,550
uspA,0.9986,1.0,144
uspB,0.9874,1.0,111
uspC,0.9127,1.0,142
uspD,0.9549,1.0,142
uspE,0.9842,1.0,316
uspF,0.9597,1.0,144
uspG,0.9775,1.0,142
uup,0.9865,1.0,635
uvrA,0.9985,1.0,940
uvrB,0.989,1.0,673
uvrC,0.9898,1.0,610
uvrD,0.9981,1.0,720
uvrY,0.9908,1.0,218
uxaA,0.9927,1.0,495
uxaB,0.9863,1.0,483
uxaC,0.9974,1.0,470
uxuA,0.9964,1.0,394
uxuB,0.9926,1.0,486
uxuR,0.9611,1.0,257
valS,0.9964,1.0,951
ves,0.933,1.0,191
viaA,0.9619,1.0,483
vsr,0.941,1.0,156
waaA,0.9911,1.0,425
waaB,0.9521,1.0,359
waaO,0.954,1.0,339
waaZ,0.9223,1.0,283
wcaI,0.8314,0.8,407
wcaM,0.781,0.8,464
wecB,0.9899,1.0,376
wecC,0.9848,1.0,420
wecE,0.9899,1.0,376
wecF,0.8128,0.8,359
wecH,0.9275,1.0,331
wrbA,0.9848,1.0,198
wzxE,0.9904,1.0,416
wzyE,0.9862,1.0,450
wzzB,0.8511,1.0,325
wzzE,0.9833,1.0,348
xanP,0.994,1.0,463
xapA,0.9502,1.0,277
xerC,0.9913,1.0,298
xerD,0.996,1.0,298
xseA,0.9632,1.0,456
xseB,0.995,1.0,80
xthA,0.9873,1.0,268
yaaA,0.9566,1.0,258
yacG,0.9785,1.0,65
yacL,0.9817,1.0,120
yaeH,0.9984,1.0,128
yaeI,0.9148,1.0,270
yaeP,1.0,1.0,66
yafD,0.9932,1.0,266
yafO,0.8576,0.8,132
yaiI,0.9566,1.0,152
yaiW,0.9577,1.0,364
yajC,1.0,1.0,110
yajL,0.9918,1.0,196
yajO,0.9852,1.0,324
yajQ,0.9988,1.0,163
ybaB,0.9927,1.0,109
ybaK,0.9862,1.0,159
ybbO,0.9866,1.0,269
ybcJ,0.9943,1.0,70
ybcN,0.9722,1.0,151
ybdG,0.9899,1.0,415
ybdL,0.9777,1.0,386
ybeD,1.0,1.0,87
ybeY,0.9961,1.0,155
ybfE,0.9856,1.0,97
ybfF,0.9756,1.0,254
ybgC,0.997,1.0,134
ybgE,0.9897,1.0,97
ybgI,0.9846,1.0,247
ybhA,0.9618,1.0,272
ybhG,0.9928,1.0,332
ybiB,0.9712,1.0,320
ybiI,0.9886,1.0,88
ybiV,0.9661,1.0,271
ybjG,0.9303,1.0,198
ybjL,0.9922,1.0,561
ybjQ,0.9963,1.0,107
ycaD,0.966,1.0,382
ycaR,0.9767,1.0,60
yccA,1.0,1.0,219
yccS,0.8156,0.8,717
yccX,0.9935,1.0,92
ycdX,0.9494,1.0,245
ycdY,0.9663,1.0,184
yceD,0.9919,1.0,173
yceF,0.966,1.0,194
yceH,0.9553,1.0,215
ycfP,0.9878,1.0,180
ycgL,0.9381,1.0,97
ycgN,0.9556,1.0,153
ycgR,0.9,1.0,244
ychE,0.9756,1.0,172
ychF,0.9961,1.0,363
ychH,0.987,1.0,92
ychJ,0.9316,1.0,152
ychN,0.9744,1.0,117
yciA,0.9818,1.0,132
yciB,0.9922,1.0,179
yciC,0.9446,1.0,213
yciH,0.9667,1.0,108
yciU,0.9835,1.0,109
yciZ,0.9333,1.0,57
ycjF,0.9768,1.0,311
ycjG,0.9551,1.0,321
ydcU,0.9879,1.0,313
ydcV,0.847,0.8,264
ydcY,0.9818,1.0,77
yddG,0.9672,1.0,293
ydeE,0.9327,1.0,395
ydfG,0.9661,1.0,248
ydfK,0.8494,0.8,77
ydfZ,0.9791,1.0,67
ydgH,0.972,1.0,314
ydhF,0.9872,1.0,298
ydhR,0.9485,1.0,101
ydiK,0.987,1.0,370
yeaG,0.9994,1.0,644
yeaH,0.9897,1.0,427
yeaK,0.9569,1.0,167
yeaL,0.9838,1.0,148
yeaY,0.9824,1.0,193
yebC,0.9967,1.0,246
yebF,0.9458,1.0,118
yebG,0.9271,1.0,96
yebK,0.9785,1.0,289
yecA,0.952,1.0,221
yedA,0.9647,1.0,306
yedE,0.9895,1.0,401
yedF,0.9974,1.0,77
yegD,0.9791,1.0,450
yegS,0.9565,1.0,299
yehD,0.6422,0.6,180
yehW,0.9728,1.0,243
yehX,0.9831,1.0,308
yeiL,0.9708,1.0,219
yeiP,0.9968,1.0,190
yejF,0.9641,1.0,529
yejK,0.991,1.0,335
yejL,0.9867,1.0,75
yfaE,0.9952,1.0,84
yfaL,0.8811,1.0,1250
yfbR,0.9719,1.0,199
yfbU,0.9817,1.0,164
yfbV,0.9801,1.0,151
yfcD,0.9689,1.0,180
yfcE,0.9543,1.0,184
yfcG,0.9535,1.0,215
yfcJ,0.9602,1.0,392
yfdR,0.8461,0.8,178
yfeO,0.9569,1.0,418
yfeX,0.994,1.0,299
yfgM,0.9777,1.0,206
yfhL,0.9907,1.0,86
yfhM,0.9505,1.0,1653
yfiC,0.9673,1.0,245
ygaH,0.9586,1.0,111
ygaZ,0.9698,1.0,245
ygdG,0.9873,1.0,251
ygdR,0.9111,1.0,72
ygfB,0.9979,1.0,192
ygfZ,0.9755,1.0,326
yggF,0.9794,1.0,321
yggS,0.9923,1.0,234
yggT,0.9979,1.0,188
yggU,0.9938,1.0,96
yggX,1.0,1.0,91
yghD,0.9539,1.0,178
yghU,0.9896,1.0,288
ygiB,0.9937,1.0,223
ygiD,0.9277,1.0,271
ygiF,0.9852,1.0,433
ygiN,0.9692,1.0,104
ygiQ,0.9932,1.0,739
ygiW,0.9446,1.0,130
yhaJ,0.9899,1.0,298
yhbP,0.9469,1.0,147
yhbQ,0.974,1.0,100
yhbY,0.9979,1.0,97
yhcN,0.9816,1.0,87
yhdE,0.9685,1.0,197
yhdJ,0.9197,1.0,294
yheU,0.9944,1.0,72
yhgN,0.9919,1.0,197
yhhS,0.9654,1.0,405
yhhW,0.9905,1.0,231
yhhY,0.9716,1.0,162
yhjD,0.9602,1.0,337
yiaK,0.9801,1.0,332
yiaM,0.8637,1.0,157
yiaN,0.936,1.0,425
yiaO,0.9695,1.0,328
yiaY,0.9854,1.0,383
yicR,0.9739,1.0,222
yidA,0.9926,1.0,270
yidC,0.9982,1.0,548
yidD,0.8796,0.8,181
yidE,0.9638,1.0,553
yidZ,0.9473,1.0,319
yieF,0.9745,1.0,188
yieH,0.9303,1.0,221
yigB,0.9874,1.0,238
yigL,0.991,1.0,266
yihI,0.9858,1.0,169
yihX,0.9799,1.0,199
yihY,0.9897,1.0,290
yiiM,0.9652,1.0,224
yijE,0.9827,1.0,301
yjdN,0.9415,1.0,147
yjeH,0.9766,1.0,418
yjeM,0.9856,1.0,500
yjfF,0.9861,1.0,331
yjfN,0.9604,1.0,91
yjfP,0.8956,1.0,249
yjgA,0.9923,1.0,183
yjiA,0.8465,0.8,318
yjjB,0.9567,1.0,157
yjjG,0.9911,1.0,225
yjjW,0.9631,1.0,287
yjjX,0.9788,1.0,170
ymdB,0.9559,1.0,177
ymfL,0.9836,1.0,183
ymgG,0.9211,1.0,114
ynaI,0.9469,1.0,343
ynfA,0.9574,1.0,108
ynfB,0.908,1.0,113
ynfC,0.8932,1.0,236
ynfM,0.9621,1.0,417
ynjC,0.9299,1.0,511
ynjE,0.9775,1.0,435
yoaE,0.9811,1.0,518
yoaH,1.0,1.0,59
yobA,0.8677,1.0,124
yobD,0.9868,1.0,152
yohJ,0.9733,1.0,135
yojI,0.9868,1.0,547
ypdE,0.9339,1.0,345
ypdF,0.9634,1.0,361
ypeA,0.9887,1.0,141
ypfH,0.9862,1.0,232
ypfN,0.997,1.0,66
yqaB,0.9798,1.0,188
yqgE,0.9679,1.0,187
yqgF,0.9942,1.0,138
yqhC,0.9497,1.0,318
yqhD,0.9819,1.0,387
yqhH,0.92,1.0,85
yqiA,0.9959,1.0,193
yqjG,0.9793,1.0,328
yraN,0.974,1.0,131
yrbL,0.919,1.0,210
yrfG,0.9928,1.0,222
ytfB,0.95,1.0,212
ytfE,0.9936,1.0,220
ytfQ,0.9943,1.0,318
ytjA,1.0,1.0,53
zapA,1.0,1.0,109
zapB,0.9951,1.0,81
zapC,0.9633,1.0,180
zapD,0.9636,1.0,247
zapE,0.9712,1.0,375
zipA,0.9451,1.0,328
zitB,0.9802,1.0,313
zntA,0.982,1.0,732
zntB,0.981,1.0,327
zntR,0.9773,1.0,141
znuA,0.9574,1.0,310
znuB,0.9862,1.0,261
znuC,0.9769,1.0,251
zraP,0.9674,1.0,141
zraR,0.9841,1.0,441
zraS,0.9398,1.0,465
zupT,0.986,1.0,257
zur,0.9813,1.0,171
zwf,0.989,1.0,491
